rank,team,conf,record,adjoe,oe Rank,adjde,de Rank,barthag,rank,proj. W,Proj. L,Pro Con W,Pro Con L,Con Rec.,sos,ncsos,consos,Proj. SOS,Proj. Noncon SOS,Proj. Con SOS,elite SOS,elite noncon SOS,Opp OE,Opp DE,Opp Proj. OE,Opp Proj DE,Con Adj OE,Con Adj DE,Qual O,Qual D,Qual Barthag,Qual Games,FUN,ConPF,ConPA,ConPoss,ConOE,ConDE,ConSOSRemain,Conf Win%,WAB,WAB Rk,Fun Rk,adjt
1,Duke,ACC,32-2,128.0909895307412,4,90.68042515742503,1,0.9815141808951234,1,32.984778524971766,2.015221475028231,17.0,1.0,17-1,0.7412753788949251,0.6260276467533494,0.7998768316830498,0.7329748228569016,0.6260276467533494,0.7998768316830498,0.623720336859733,0.633990015864836,116.50679342048302,102.87780983696432,116.23529492526325,103.04870119217857,129.24159069217697,90.80972098172555,128.23330963299705,89.11237683323704,0.9850128374993936,19.0,0.0698588086108719,1457.0,1123.0,1174.9624999999999,1.2400395757311404,0.9557751843143931,0.0,0.9444444444444444,13.617562468505287,2,39,65.79699400577707
2,Michigan,B10,31-3,127.5728872073364,6,90.89134389448223,2,0.9801356750687304,2,31.984378612539178,3.0156213874608238,19.0,1.0,19-1,0.8034311171311286,0.729397664535955,0.8240632631477564,0.7930231444947151,0.729397664535955,0.8240632631477564,0.5899476410537764,0.6603933799788837,119.30223015231641,102.20666626140887,118.87635844889961,102.33336189050114,129.55111012687723,93.68988169539324,127.64295104999509,88.99846613923256,0.9844359418750396,22.0,0.06958002632956684,1719.0,1418.0,1400.3750000000002,1.2275283406230473,1.0125859144871907,0.0,0.95,13.957109435241838,1,40,71.21098718157222
3,Arizona,B12,32-2,126.83085766827224,9,91.26040565526827,3,0.9777971051799342,3,32.98854615672,2.0114538432800004,16.0,2.0,16-2,0.7386390779790444,0.5596823334439985,0.8382820598190481,0.7271883424791911,0.5596823334439985,0.8382820598190481,0.6215559844693033,0.721125098572339,116.90378030011765,103.16521829194448,116.52104887842772,103.3532062712167,126.40817105813329,91.41200698020391,127.41196962515949,91.38275640076711,0.9785897402056472,19.0,0.10001636814101389,1513.0,1265.0,1284.0874999999999,1.178268614872429,0.9851353587664393,0.0,0.8888888888888888,13.609351227328776,3,12,70.01939602970963
4,Florida,SEC,26-7,126.0213841459592,11,92.16668615902982,4,0.9733461959088832,4,26.990171217920807,7.009828782079195,16.0,2.0,16-2,0.7578548396683636,0.6161491059390711,0.8423374575679411,0.7433900014152123,0.6161491059390711,0.8423374575679411,0.6170077803910601,0.683140056776917,118.53246146187155,104.15068786967088,118.02221123879345,104.33796610974348,129.52182479576774,91.64256196558891,127.70495625425642,92.90022357767084,0.9748949327944072,19.0,-0.03395506410411586,1613.0,1307.0,1303.2875,1.2376394310541612,1.0028485656464903,0.0,0.8888888888888888,8.483007326576185,7,253,70.39152928768685
5,Houston,B12,28-6,125.23523077408267,12,92.27230269015988,5,0.9710462023470616,5,28.961952902872525,6.038047097127474,14.0,4.0,14-4,0.7307225635264536,0.5358380939141566,0.8380908124397101,0.7261352577218161,0.5358380939141566,0.8380908124397101,0.6382862255938991,0.7924205375572304,116.33535576980142,103.57255159962631,116.1172224746284,103.6436978478921,127.27252700050852,93.1270928800042,127.75317724820269,95.08873645833272,0.9675739619186187,16.0,0.0008157654126654812,1384.0,1165.0,1162.3625000000002,1.1906784673456,1.0022690855907685,0.0,0.7777777777777778,8.934517925373898,5,171,63.321710427193835
6,Illinois,B10,24-8,131.88259946173827,2,98.07947407568935,24,0.9678772639029857,6,24.964321302905265,8.035678697094736,15.0,5.0,15-5,0.739150035952993,0.5755170415975589,0.8196009448020405,0.7327255170531212,0.5755170415975589,0.8196009448020405,0.6242081922909353,0.7217873852884554,117.12956495966239,103.27435588410414,116.80436749599023,103.33868947936296,133.32758981948788,99.17315729004729,132.71702666503745,100.43552843700165,0.9610252668860605,17.0,-0.049389042603515954,1633.0,1416.0,1312.4,1.2442852788783907,1.0789393477598292,0.0,0.75,6.538511659593075,16,298,65.70881271132599
7,Iowa St.,B12,27-7,123.66318333844971,21,92.49460500865678,6,0.9657669106511272,7,27.977314685267487,7.022685314732514,12.0,6.0,12-6,0.6969050990995447,0.4594372764024704,0.8334871932015546,0.6882996033825078,0.4594372764024704,0.8334871932015546,0.653950842400871,0.7971792045573907,114.77844133608498,103.52931327822526,114.57563328139494,103.76328059505596,121.15628621334834,94.30678524963042,120.55315096320054,96.14533387085262,0.9309672272265598,14.0,-0.011880252097484556,1360.0,1221.0,1200.275,1.1330736706171503,1.0172668763408386,0.0,0.6666666666666666,7.3413764008097395,13,210,66.94654284639091
8,Purdue,B10,27-8,133.25670033062923,1,100.11801820725543,36,0.9640206740166306,8,27.97157385325593,8.028426146744073,13.0,7.0,13-7,0.7797385892922678,0.620971498263747,0.8422473035603039,0.7702858194713966,0.620971498263747,0.8422473035603039,0.5952759771667827,0.7239363337003345,118.30817478342861,102.40497960659677,118.2042179939599,102.81086309800081,132.15142390631937,101.75167242369614,135.08045895909362,100.05097373443094,0.9692965089556066,20.0,0.0029851431749912116,1596.0,1455.0,1300.375,1.2273382678073632,1.1189080073055848,0.0,0.65,9.146905664376302,4,164,64.43064026164603
9,Connecticut,BE,29-5,123.02790175367406,25,94.88825988336714,12,0.951968670741154,9,29.961370886298,5.038629113702001,17.0,3.0,17-3,0.7141122604165804,0.5823230591828392,0.774136470523567,0.7063755030584052,0.5823230591828392,0.774136470523567,0.6734635211349183,0.6500774537778011,114.5761486083375,103.48325692816243,114.35405885951235,103.63912239605048,123.2404880199748,95.40367499971221,122.80697022814338,91.57245118836698,0.9669158753431029,11.0,0.06794633722540411,1554.0,1343.0,1335.8125,1.163336920413606,1.005380620408927,0.0,0.85,8.797051713255671,6,41,64.57713971010925
10,Vanderbilt,SEC,26-8,127.39635651889921,7,99.24235277354366,29,0.9464443154463213,10,26.842783816913148,8.15721618308685,11.0,7.0,11-7,0.7384515912520984,0.5241910234686988,0.8580032753954158,0.7392746771876605,0.5241910234686988,0.8580032753954158,0.6308875878231142,0.8040044068209415,117.18095593019657,104.06465348351628,117.06458400308345,104.00461206854281,125.2205843826711,100.7339706960508,130.46428382152192,102.10704627208852,0.943661761800553,18.0,0.022465501542897615,1470.0,1410.0,1259.2750000000003,1.1673383494471021,1.1196918862043634,0.0,0.6111111111111112,7.254575725428184,14,116,68.97710663015621
11,Gonzaga,WCC,30-3,120.28873564695172,37,93.87691352665922,9,0.945368834118975,11,30.936512862914466,3.063487137085535,16.0,2.0,16-2,0.6288406221344393,0.6414713262628502,0.6112954818381406,0.6262225632587852,0.6414713262628502,0.6112954818381406,0.7525923768782561,0.7045632985467092,113.29030885346405,106.25832119179515,113.21739398044645,106.34729803968312,118.45431419273685,94.72681639952776,122.00418902147271,93.13963023722827,0.9570775550816286,11.0,0.0787132902703811,1465.0,1177.0,1247.2875000000004,1.1745487708327067,0.9436477155427274,0.0,0.8888888888888888,7.358140390445707,12,24,68.9242151666668
12,Michigan St.,B10,25-7,122.8565783988127,28,96.05463644030607,17,0.9442837888306075,12,25.906322477577273,7.093677522422729,15.0,5.0,15-5,0.7471081847636417,0.5799396139877033,0.8308323893467915,0.7437593210150099,0.5799396139877033,0.8308323893467915,0.6267024231057567,0.7631713336895305,118.47763012751182,103.88593011992363,118.25956472832357,103.94958887925269,123.36107849190466,95.11435636929589,123.61407875942865,94.1373113029494,0.9582222021466621,18.0,0.061356308036643825,1539.0,1368.0,1323.2625,1.1630345452999689,1.0338084847110833,0.0,0.75,7.417280288137097,11,52,65.97263526592154
13,Texas Tech,B12,22-10,126.22519341408963,10,98.69879293365591,27,0.9442198368370771,13,22.833063218194056,10.166936781805946,12.0,6.0,12-6,0.7603873805375798,0.6422057080331081,0.8343308367906785,0.7607489139249435,0.6422057080331081,0.8343308367906785,0.6015526110234073,0.6857860451923455,118.20898325342154,102.61315700473726,118.1758034539188,102.69496611952746,128.9064276602379,98.1560455947656,127.8388070221846,100.2981631640941,0.942141867404017,17.0,-0.005367736454829353,1431.0,1298.0,1207.6000000000001,1.1849950314673732,1.0748592249089102,0.0,0.6666666666666666,5.019138236601245,20,189,66.38933293294114
14,Virginia,ACC,29-5,122.24892815655105,29,95.79841647918381,15,0.9428836168266124,14,29.921284664968432,5.078715335031568,15.0,3.0,15-3,0.6763740150110386,0.46184570338065617,0.7918245260007835,0.6737674035049582,0.46184570338065617,0.7918245260007835,0.6989330314704969,0.8330981351650665,114.91082051481098,105.72879900778787,114.83410923964875,105.81995816712427,119.78722345596981,94.0452775417333,123.05789079952865,95.08196809891062,0.9510156164197947,13.0,0.0732167106226379,1391.0,1252.0,1232.3375,1.1287492265714545,1.015955450515788,0.0,0.8333333333333334,7.6972076826452245,8,32,65.57655824471917
15,St. John's,BE,28-6,119.68293579862771,43,93.9574805033877,10,0.9417525666864841,15,28.823753265995315,6.176246734004684,18.0,2.0,18-2,0.7291573367743577,0.6154289929274274,0.775189895583917,0.7304884941215264,0.6154289929274274,0.775189895583917,0.6891024050281328,0.7402376608494582,114.84445573280415,103.40858183178295,114.6973628622141,103.26760579953633,119.25792077295534,95.17036144750875,124.03581127473082,96.73369246400708,0.9457819640986419,11.0,0.04274336888082175,1587.0,1393.0,1401.6375,1.1322471038339086,0.9938375649909481,0.0,0.9,7.192848867830685,15,81,69.59704499399905
16,Tennessee,SEC,22-11,121.40271384088535,32,95.3931707395661,13,0.9411838371983521,16,22.0,11.0,11.0,7.0,11-7,0.7319784563419452,0.5268193111162568,0.861298346555363,0.7319784563419452,0.5268193111162568,0.861298346555363,0.6141710588121316,0.7422671428936791,118.19348285043505,104.88868650013556,118.19348285043505,104.88868650013556,121.86563654778041,96.5047639576992,122.93689585924133,97.82543408452734,0.9326166089496111,17.0,-0.04005407826466667,1391.0,1324.0,1220.625,1.1395801331285202,1.0846902201740911,0.0,0.6111111111111112,4.061413449971385,23,271,65.21953433504594
17,Louisville,ACC,23-10,123.95082265270727,19,98.06062998279813,23,0.9366976293458708,17,23.743044165313254,10.256955834686746,11.0,7.0,11-7,0.7084679888078955,0.5541453214039088,0.8016531261642693,0.7122343318836554,0.5541453214039088,0.8016531261642693,0.6468612428603802,0.7398926717507012,115.33374222321,103.7059797565269,115.3738310172336,103.63381068531609,125.71421377837032,99.47057118648077,120.83192778271295,101.74039145932636,0.8784385343304738,16.0,-0.02792369996456112,1481.0,1357.0,1260.2875000000001,1.1751286908741059,1.07673844261726,0.0,0.6111111111111112,3.9426799402060504,26,243,69.706510926453
18,Alabama,SEC,23-9,129.466137183641,3,102.69921581145991,67,0.934842526409169,18,23.856976563517303,9.143023436482697,13.0,5.0,13-5,0.7897765954219955,0.7137451036089568,0.844674131092801,0.7872198706185493,0.7137451036089568,0.844674131092801,0.5978525758883968,0.6270076986761499,119.03846334547306,102.82510346997164,118.85686141669392,102.88434472620963,128.52672012308693,102.8589465697142,128.8762543873142,103.58288363075118,0.9250153299562022,15.0,0.046306138839143585,1627.0,1530.0,1342.1499999999999,1.2122341020005216,1.1399620012666245,0.0,0.7222222222222222,6.5083783731145175,17,77,73.05069164786843
19,Arkansas,SEC,26-8,127.87058761355864,5,101.51444716638807,50,0.9342818073913424,19,26.89281235177395,8.107187648226049,13.0,5.0,13-5,0.7465421145890495,0.5789526460136035,0.846953274886933,0.7432282530074172,0.5789526460136035,0.846953274886933,0.622200137625436,0.699730670101532,118.4410216973836,104.11752307684735,118.10468449924595,104.05199166876588,129.05893766773767,102.43946768437269,125.71498341506194,101.75861023829184,0.9191801449301241,16.0,0.07441666832782601,1620.0,1506.0,1327.5249999999996,1.2203160015818915,1.1344419125816843,0.0,0.7222222222222222,7.48866996806997,9,30,70.96842832229626
20,Nebraska,B10,26-6,117.1198380421005,63,93.35958484289178,7,0.9313427068122253,20,26.918517268132558,6.081482731867443,15.0,5.0,15-5,0.6958712663293294,0.41560302605216665,0.8366113280975652,0.6913342841649506,0.41560302605216665,0.8366113280975652,0.652859422374309,0.8831254366203727,116.30640126958562,104.69271558119628,116.1336860546278,104.81840523358409,119.68134170718504,91.50045025953892,119.63505592479844,93.77289363858624,0.9427328539214493,15.0,0.10527848965934605,1502.0,1324.0,1326.75,1.1320896928584887,0.997927265875259,0.0,0.75,7.439523558363118,10,9,66.81345562618183
21,Wisconsin,B10,24-10,127.12396702904945,8,101.50484358676991,49,0.9300947968729251,21,24.851579603576436,10.148420396423564,14.0,6.0,14-6,0.7350823155875758,0.49793631571951485,0.83720327618959,0.7340427438190354,0.49793631571951485,0.83720327618959,0.6221627232653509,0.8308264184509805,117.19379081368304,103.14080696988951,117.14723161680104,103.26288756014041,129.46210233691335,102.36664536234053,125.41872327537459,101.7046699459255,0.9176036272792847,18.0,0.027818317410649995,1641.0,1555.0,1367.4625,1.2000329076665721,1.137142700439683,0.0,0.7,5.3494387802254595,19,109,68.68673186161992
22,Kansas,B12,23-10,117.71197190434623,58,94.23890199144832,11,0.9280883094004693,22,23.8532464316244,10.146753568375601,12.0,6.0,12-6,0.7868728905670167,0.6910763677518059,0.8430269019267718,0.7840065362625486,0.6910763677518059,0.8430269019267718,0.58940241585906,0.6708972293321522,117.6605891851533,101.1829456399586,117.35872609147967,101.15411707267708,120.43200235990334,96.73782465232422,117.1707501871923,96.92320389558381,0.8985943773343433,18.0,0.052447187569211184,1385.0,1325.0,1251.4125,1.1067493732082747,1.0588035519862555,0.0,0.6666666666666666,6.211796388666072,18,64,67.5967873999876
23,Ohio St.,B10,21-12,125.13077499750682,14,101.43618429598008,48,0.9179029386643398,23,21.68482728702162,12.315172712978383,12.0,8.0,12-8,0.7277244461402286,0.49073336942667106,0.8364604703092194,0.730946732165528,0.49073336942667106,0.8364604703092194,0.62058423841516,0.8160711860734406,116.52289373146515,102.95594265410361,116.47064985144239,102.8546523595019,127.3942383127431,102.63597009167708,125.60582083801282,101.10736470533885,0.9237979295386547,17.0,-0.019156299763850693,1559.0,1499.0,1318.85,1.1820904575956326,1.1365962770595595,0.0,0.6,2.862109862787727,32,225,66.15231631182645
24,Saint Mary's,WCC,27-5,119.37190033517038,46,97.44157610502992,22,0.9116858253379125,24,27.6009848348217,5.3990151651783,16.0,2.0,16-2,0.6015297922169547,0.5608957190420363,0.6145175530270424,0.6097463278044102,0.5608957190420363,0.6145175530270424,0.771996143117194,0.8148089777346558,111.83155968251044,105.57931810398946,112.08118763358935,105.4472526651821,121.12936462210052,98.32015761145523,113.77165241683451,95.97369251359972,0.876139743887235,6.0,0.04774486297660685,1403.0,1154.0,1178.2625,1.190736359682159,0.9794082388262377,0.0,0.8888888888888888,4.001477842769413,25,72,65.28122493068736
25,UCLA,B10,23-11,124.50842207823675,17,101.65719514601756,52,0.9114783717837858,25,23.704531613089088,11.295468386910912,13.0,7.0,13-7,0.7140846299978922,0.4862521959396433,0.8195375054248132,0.7168813013401507,0.4862521959396433,0.8195375054248132,0.6372682424385031,0.8018971198351132,116.26965764263363,103.44049092626554,116.37330783174995,103.50150881997564,124.9850286758306,102.53069393721951,125.02667290957672,105.12055324091973,0.8801996048855658,15.0,0.01994362713097797,1511.0,1445.0,1295.3625000000002,1.166468845593415,1.115517856970539,0.0,0.65,3.5901031905641867,29,128,64.67938912422666
26,Iowa,B10,21-12,122.04814832750469,30,100.06873860293825,35,0.9074945776565246,26,21.54227242761979,12.45772757238021,10.0,10.0,10-10,0.6922308504472479,0.4121985930925437,0.8369536047975744,0.6981137478721888,0.4121985930925437,0.8369536047975744,0.6399798525190032,0.840242972606724,115.43038069795372,104.35671192958391,115.46074350000166,104.13760212448265,120.91818219388297,100.5046760077009,121.08386357948302,98.30103602202834,0.9166105977735464,15.0,-0.020402660152775254,1417.0,1395.0,1263.6374999999998,1.12136589805225,1.1039558417663295,0.0,0.5,1.929057381790674,38,227,63.019587431464096
27,North Carolina,ACC,24-8,121.28081735924609,33,99.87634596106258,32,0.9031759070435359,27,24.635599048529524,8.364400951470474,12.0,6.0,12-6,0.7024629525358632,0.5331162097307611,0.8142252439862496,0.7067055347701711,0.5331162097307611,0.8142252439862496,0.6644731402218838,0.7854137301369608,115.20022365214585,103.93719765879598,115.3193700892679,103.90787049628814,123.00377741978984,102.24731961019799,121.2920446331244,102.29917506567047,0.8763646361211431,14.0,0.07880247409649277,1416.0,1376.0,1232.0,1.1493506493506493,1.1168831168831168,0.0,0.6666666666666666,4.863564388161199,21,23,67.98113334196569
28,Utah St.,MWC,28-6,123.05650350755327,24,101.92718186817405,55,0.8971938884398332,28,28.54183593237237,6.458164067627631,15.0,5.0,15-5,0.6431646529622347,0.513549428787467,0.6964022191766446,0.6499502229402999,0.513549428787467,0.6964022191766446,0.7672714668495161,0.8450458301535284,112.42118433574704,105.22095968991637,112.62904058185984,105.07992570844333,125.47092217171893,104.02941952820733,121.59495242840747,101.4727847483471,0.8889840600754171,7.0,0.054557303871628604,1630.0,1453.0,1349.2499999999998,1.2080785621641654,1.0768945710579954,0.0,0.75,4.0324606640177825,24,59,67.52836272073544
29,Santa Clara,WCC,26-8,124.96769075367797,15,103.62685770806438,79,0.895993049606129,29,26.513751875926094,8.486248124073906,15.0,3.0,15-3,0.6134796478366704,0.5499328269720037,0.6214148647530204,0.6214017373338134,0.5499328269720037,0.6214148647530204,0.7574322796600549,0.8147674297123854,111.76784146068695,105.02529949455649,112.0052770681524,104.87314260118444,125.925396391818,103.1421684052976,121.86095763096338,104.59717672160849,0.8528068789378519,8.0,0.006529842861108581,1569.0,1330.0,1280.9500000000003,1.224872165189898,1.03829189273586,0.0,0.8333333333333334,2.1270416655731452,36,157,69.25150930734596
30,Clemson,ACC,24-10,116.4627159643007,69,96.90697855989481,20,0.8922493628212487,30,24.45772757238021,10.54227242761979,12.0,6.0,12-6,0.682079175613657,0.5179788565503488,0.7662763486397591,0.6885196156728322,0.5179788565503488,0.7662763486397591,0.678431090674731,0.7674059049905616,114.57292179288469,105.06271332047235,114.78649969390385,104.92002832848371,114.83715318514457,95.87545088322007,117.90025998605073,94.24118719240764,0.9292870855715765,11.0,0.03503474949236485,1273.0,1199.0,1169.5374999999997,1.08846445710377,1.025191582142514,0.0,0.6666666666666666,3.1140519363901027,31,93,64.26706301937865
31,Kentucky,SEC,21-13,119.84065211909555,41,99.85196511477423,31,0.8907527803370041,31,21.486248124073906,13.513751875926094,10.0,8.0,10-8,0.7366472786722454,0.5239266656943427,0.8685062929646375,0.7412000149647332,0.5239266656943427,0.8685062929646375,0.5888888952793472,0.7282856923542884,118.02930399331278,104.06410464974431,118.22754361390187,104.05161188096544,121.10403211455075,101.419250274505,119.37925148961008,100.97501685901538,0.872747310077197,20.0,0.04281925191691749,1414.0,1404.0,1245.875,1.13494531955453,1.1269188321460821,0.0,0.5555555555555556,3.257239223485112,30,80,68.31213744758921
32,Cincinnati,B12,18-15,112.21827844352046,113,93.5738540505099,8,0.8898775697358127,32,18.0,15.0,9.0,9.0,9-9,0.6816086755015099,0.4611583095086122,0.8360227505506475,0.6816086755015099,0.4611583095086122,0.8360227505506475,0.6722282978552117,0.8297220084887594,114.32816274656814,103.80672152811181,114.32816274656814,103.80672152811181,117.7389053767572,94.64019655895919,114.32296913279411,97.6239314228286,0.8600741172552526,14.0,-0.11048400224477384,1290.0,1247.0,1196.0374999999997,1.07856149995297,1.0426094499545377,0.0,0.5,-2.042156179680071,70,358,67.64064055884933
33,BYU,B12,23-11,124.66056244545325,16,104.19795404011961,89,0.887151901120137,33,23.565379253987846,11.434620746012154,9.0,9.0,9-9,0.7486504047568814,0.6046323178220262,0.8417112680287135,0.7517752830667535,0.6046323178220262,0.8417112680287135,0.6164351872084943,0.7398958575740664,115.88303014866048,101.91852114112947,116.09208184189792,102.01683165587899,124.9984016770426,107.661376578634,125.67031666872167,102.90277143998325,0.9087601735046645,16.0,0.0826651161992481,1478.0,1483.0,1277.6499999999999,1.1568113333072438,1.160724768128987,0.0,0.5,4.494936921611029,22,21,69.76841296459902
34,Indiana,B10,18-14,121.83054077322353,31,101.92615040558246,54,0.8860889174401095,34,18.0,14.0,9.0,11.0,9-11,0.7023199626925267,0.44076008723263205,0.8416808263478636,0.7023199626925267,0.44076008723263205,0.8416808263478636,0.6408813360514228,0.836651306385372,116.20308945555483,104.05023086813759,116.20308945555483,104.05023086813759,124.13847770313012,103.95539651266854,116.96344577797716,104.4015186370839,0.786943355423359,14.0,-0.056070956177568854,1516.0,1521.0,1318.2124999999999,1.1500421972936838,1.1538352124562619,0.0,0.45,-0.42750154361950576,53,312,66.19130526327524
35,Miami FL,ACC,25-8,121.01069997366574,34,101.33504548369041,44,0.8849980765421773,35,25.570911626915414,8.429088373084586,13.0,5.0,13-5,0.6398348356216169,0.41050132992022087,0.7721361689045793,0.6460923557223041,0.41050132992022087,0.7721361689045793,0.7036903867583142,0.8332380583797863,113.16947475838052,105.72408616428983,113.36720573898906,105.64169698786611,121.60564761896772,102.10495636248203,120.48976296389769,100.75908882029593,0.8866100447416962,11.0,0.07443552802539255,1401.0,1312.0,1214.9125,1.1531694669369195,1.0799131624705485,0.0,0.7222222222222222,3.795309309772582,28,29,67.9227115124607
36,Villanova,BE,24-8,119.48829667950304,45,100.42580433844279,38,0.8806596017269894,36,24.45816406762763,8.541835932372368,15.0,5.0,15-5,0.707028475910935,0.5672139759474126,0.7814389808719459,0.7127910641475541,0.5672139759474126,0.7814389808719459,0.6924695758314608,0.7670703710325589,114.65728765165996,103.96845803019116,114.91180934301933,103.90660117786466,119.73470660448717,99.59443785169897,111.496669195903,97.45778371792541,0.8245693355427788,8.0,0.08382098569069585,1525.0,1440.0,1360.9,1.1205819678154163,1.058123300756852,0.0,0.75,3.8898497832519086,27,20,64.93911033871366
37,Georgia,SEC,22-10,124.35974959728505,18,104.6841957513198,92,0.8787504088729741,37,22.549196286492677,10.450803713507323,10.0,8.0,10-8,0.6708503180410932,0.40729425967055494,0.8545752474822649,0.676463785285511,0.40729425967055494,0.8545752474822649,0.6730395639883909,0.8561690317913284,115.21039858170339,105.637571635458,115.33536893138252,105.53320152946276,126.7390143112501,106.69767617113229,126.34059091762703,101.70854930085612,0.9237204774674519,13.0,0.046930585487935494,1515.0,1521.0,1284.675,1.1792865899935783,1.1839570319341468,0.0,0.5555555555555556,2.5669304206342525,33,74,72.02090517881382
38,Oklahoma,SEC,19-15,125.17977374983025,13,105.74244358916462,114,0.8744138877481378,38,19.68748280458231,15.312517195417692,7.0,11.0,7-11,0.6990720680989001,0.44654520451514323,0.8596878611892266,0.7008102877617208,0.44654520451514323,0.8596878611892266,0.6499814661211494,0.7931415706095533,115.6163320814336,105.34359022498516,115.68212833909327,105.38170011925403,124.42295341375062,105.63435331862217,129.21188926374776,106.91850495757976,0.8982515956802545,14.0,-0.04402695591788608,1429.0,1461.0,1235.0874999999999,1.1570030463428707,1.182912141852298,0.0,0.3888888888888889,-0.5172095658372764,54,284,66.1402536461434
39,N.C. State,ACC,20-14,123.01645750196778,26,104.0007759298885,87,0.8733686408012716,39,20.0,14.0,10.0,8.0,10-8,0.7236252441179731,0.5840707687121836,0.8072676921330832,0.7236252441179731,0.5840707687121836,0.8072676921330832,0.669468547718933,0.783593715409915,115.70860395383667,104.20607497533402,115.70860395383667,104.20607497533402,123.40052093974398,104.39162589346533,121.12336485222849,104.00764497479952,0.852201027885777,14.0,-0.034150623698389615,1442.0,1418.0,1253.9125,1.1500004984398833,1.1308604069263206,0.0,0.5555555555555556,0.29231542599418614,44,254,69.02511715723156
40,Texas A&M,SEC,21-11,119.81965412630565,42,101.35322405367609,45,0.8726754668087313,40,21.3990151651783,11.6009848348217,11.0,7.0,11-7,0.6742850578807768,0.42278944074124925,0.8448025130537797,0.6814790205130933,0.42278944074124925,0.8448025130537797,0.6681046931102441,0.8601162073860646,116.00161643724088,106.45161652413248,116.10374625121784,106.17858499725703,121.30979275274028,99.904547692069,119.18064197927869,99.99554130851905,0.882717488762732,13.0,0.024867256308063523,1493.0,1460.0,1308.0375,1.1414045851131944,1.1161759506130369,0.0,0.6111111111111112,1.560690222289677,41,111,71.01499080300981
41,SMU,ACC,20-13,122.9006978082652,27,104.8935624518927,97,0.8608001049245135,41,20.708882549670744,13.291117450329258,8.0,10.0,8-10,0.7135781199075525,0.5409482568658998,0.8238754966615038,0.7136928365334316,0.5409482568658998,0.8238754966615038,0.6826815346851561,0.8187210304260962,115.65352627703517,104.13055529114372,115.68038883187899,104.2294405087704,124.79260119563271,106.9666376791375,121.16204496343086,104.07032493470014,0.8517903889472146,12.0,-0.010471378078721783,1451.0,1436.0,1243.9375,1.1664573179922624,1.154398834346581,0.0,0.4444444444444444,-0.08173195545694961,47,207,68.61559581577919
42,Texas,SEC,19-14,123.19983941515378,23,105.35938915640111,105,0.8580211456513763,42,19.434620746012154,14.565379253987846,9.0,9.0,9-9,0.6774287570595672,0.41021092697779926,0.8532782191363428,0.6835970848153191,0.41021092697779926,0.8532782191363428,0.6297703077644128,0.7713759558844561,116.2933180371211,105.03162697549153,116.5468708974213,105.00636415980247,126.36666355051872,106.68371662329773,124.60234205508326,104.1949042809388,0.8866467946401786,18.0,0.0049728646475902805,1472.0,1455.0,1231.5874999999999,1.1952053751763478,1.1814020522293383,0.0,0.5,-0.25676671015249586,49,160,67.02672172101053
43,San Diego St.,MWC,22-11,112.23556136642821,111,96.01169312142,16,0.8575995210589964,43,22.0,11.0,14.0,6.0,14-6,0.649217897530885,0.5400228534460412,0.6793221975402675,0.649217897530885,0.5400228534460412,0.6793221975402675,0.733925794254544,0.7448819846852344,114.1705229782827,105.4790609384313,114.1705229782827,105.4790609384313,113.48661555752238,95.60053151878552,110.11299936093529,98.56428809745151,0.7814571375372321,9.0,-0.004763861219978849,1562.0,1406.0,1410.2124999999999,1.1076344877101856,0.9970128615368252,0.0,0.7,-0.05101593840439128,46,187,68.57773418938702
44,Auburn,SEC,18-16,123.8217562093732,20,105.98149639489043,120,0.8568234614767459,44,18.0,16.0,7.0,11.0,7-11,0.7497746847188164,0.6175088114448204,0.8584574920489182,0.7497746847188164,0.6175088114448204,0.8584574920489182,0.5904305476288094,0.6436018391457691,118.6020898239579,103.3763499599712,118.6020898239579,103.3763499599712,125.69953323920797,107.50423852006136,123.86887467091744,105.45934802866907,0.8641654809625716,17.0,0.0044462778699007055,1472.0,1489.0,1244.675,1.1826380380420591,1.1962962219053166,0.0,0.3888888888888889,0.14977126874490615,45,161,67.30388066067488
45,Saint Louis,A10,28-5,119.33442009960157,48,102.19335815670158,62,0.8560947365868538,45,28.450803713507323,5.549196286492677,15.0,3.0,15-3,0.5149376035362208,0.3886747525497848,0.5804482534228701,0.5256379801620327,0.3886747525497848,0.5804482534228701,0.8377507700507856,0.8890694798434237,108.56478914182877,107.33803807240295,109.0434243070542,107.25761860820387,120.76761063307605,103.09782419922959,101.56013243425976,79.9369138980405,0.940096810301756,2.0,0.053300082086879974,1494.0,1277.0,1258.0625,1.1875403646480203,1.0150529087386357,0.0,0.8333333333333334,1.7920636159906822,39,63,71.00392906657149
46,Missouri,SEC,20-12,119.89232810560497,40,102.92285416025044,68,0.8525905192028485,46,20.429088373084586,12.570911626915414,10.0,8.0,10-8,0.6778779061077239,0.413117027428127,0.857267714369158,0.6841542749110001,0.413117027428127,0.857267714369158,0.6550661579138113,0.8233988036244712,115.67484391429423,105.6132310031197,115.83653652227467,105.48358901759025,120.68744496331978,101.30597304004453,117.46080307985105,102.93344752891309,0.8202811636493016,14.0,0.03859757784045803,1388.0,1404.0,1231.9499999999996,1.1266691018304318,1.1396566419091687,0.0,0.5555555555555556,1.1255717194048143,42,88,66.37934235965128
47,Baylor,B12,16-16,123.36062452548268,22,106.4674628378092,129,0.8447015070663613,47,16.556330983129023,16.443669016870977,6.0,12.0,6-12,0.7079868266302096,0.4969781397627966,0.8554200154703465,0.7111585658248967,0.4969781397627966,0.8554200154703465,0.6396891826147967,0.8045297212974742,115.09856522592612,102.24138690835342,115.12299480562183,102.2338098552383,122.2290671816378,104.72330010885865,121.78484105372091,106.17573075518595,0.8288280073796934,15.0,-0.05581706071592929,1345.0,1405.0,1215.8625,1.10621061180849,1.155558297093627,0.0,0.3333333333333333,-2.2209541949859055,73,311,67.82509821183638
48,VCU,A10,27-7,119.1320560464041,49,102.96940131863298,69,0.8424681655389109,48,27.364400951470476,7.635599048529525,15.0,3.0,15-3,0.5629768985742141,0.4863520735700619,0.5989544775897911,0.5726968702479274,0.4863520735700619,0.5989544775897911,0.7958139720571479,0.7866849925746353,109.61274508717248,107.02786090130456,109.94611858086101,106.82353190286328,119.69902092037137,105.32951899227055,109.87959316300503,96.8033587963213,0.8110871739151151,5.0,0.06212963844475927,1429.0,1299.0,1230.9250000000002,1.1609155716229662,1.0553039380953346,0.0,0.8333333333333334,1.6076818592644961,40,50,68.67239049057501
49,TCU,B12,22-11,114.74660182908454,83,99.51207261964733,30,0.8372821715349151,49,22.31517271297838,11.684827287021617,11.0,7.0,11-7,0.6725284932955127,0.4276561807985122,0.8305286181995889,0.6797453887489543,0.4276561807985122,0.8305286181995889,0.655007527525584,0.7983007624877282,114.52310875310991,104.6209566233886,114.83509893690518,104.52728684899786,115.20570362289557,99.29967111063736,117.10706447189173,93.08894968581939,0.9333690070665692,13.0,0.091904797557254,1372.0,1371.0,1268.1124999999997,1.0819229366479712,1.0811343630789858,0.0,0.6111111111111112,2.3243609033003625,35,14,67.56129107152297
50,South Florida,Amer,25-8,116.69676122742885,67,101.25223132815918,42,0.8365236535955068,50,25.256955834686746,8.743044165313254,15.0,3.0,15-3,0.5485884321605896,0.5392912897108199,0.5484805959443054,0.5600034085486216,0.5392912897108199,0.5484805959443054,0.8098967165535189,0.7906962546036467,110.64792466720837,107.83322110211658,111.05104278808025,107.5370819773332,117.3498005055287,102.32032332163718,113.69824711347799,92.99556874843525,0.9098213539398726,3.0,0.012560361601205328,1555.0,1354.0,1323.9749999999997,1.1744934760852739,1.0226779206556018,0.0,0.8333333333333334,-0.2938723951481399,50,142,71.36343858531063
51,Florida St.,ACC,18-15,119.35405049808489,47,103.84722534634773,85,0.8320875244840608,51,18.0,15.0,10.0,8.0,10-8,0.6762839555279722,0.4685006146988202,0.8038740800600208,0.6762839555279722,0.4685006146988202,0.8038740800600208,0.6671064992539,0.7696271364984791,114.17465274040376,104.30873293200061,114.17465274040376,104.30873293200061,119.50892068406421,102.80546044571685,116.46981108059222,100.79937069953354,0.8404727714219106,13.0,-0.027116668281591427,1373.0,1385.0,1236.4999999999998,1.1103922361504248,1.1200970481196928,0.0,0.5555555555555556,-1.8266992396934298,67,241,70.60063024175828
52,Washington,B10,16-17,116.6991711716638,66,102.07549320851324,60,0.8234207946508647,52,16.0,17.0,7.0,13.0,7-13,0.7290361005212794,0.5167092758558872,0.8331674235455864,0.7290361005212794,0.5167092758558872,0.8331674235455864,0.6486165305429943,0.8350345294519236,116.94174257898769,104.27307863174032,116.94174257898769,104.27307863174032,119.0798835373569,104.00878008235603,120.52915962259918,105.96901553233735,0.8146582258727526,14.0,-0.04819640988629481,1471.0,1499.0,1321.4375,1.1131816676914346,1.1343707137113939,0.0,0.35,-2.982486796584221,80,297,67.04781370064215
53,New Mexico,MWC,23-10,116.41634911664312,70,101.96612155441693,57,0.8211446937256803,53,23.80271037712321,10.197289622876792,13.0,7.0,13-7,0.5977940970214431,0.4691248180743171,0.6650349284491693,0.5979601432739055,0.4691248180743171,0.6650349284491693,0.77457520717536,0.8232289030729756,111.49545307784612,105.85856720442166,111.52406895881934,105.93585551052422,117.26923841458157,100.4648063936644,113.6225916892413,97.46021481835353,0.8537771430231216,9.0,0.02920583252677944,1607.0,1438.0,1402.3625,1.1459233971244953,1.0254124735936678,0.0,0.65,-0.3713767049331285,52,105,69.82196190577656
54,Virginia Tech,ACC,19-13,117.48502906426867,59,103.00902964322697,70,0.8193846526581884,54,19.0,13.0,8.0,10.0,8-10,0.6797014783219997,0.4969790876958937,0.8061342607850609,0.6797014783219997,0.4969790876958937,0.8061342607850609,0.6884302729825696,0.8422084776038242,114.66072579923775,105.22394444601066,114.66072579923775,105.22394444601066,118.12880503826334,101.75713472882092,115.62292011558871,101.1713699438822,0.8228040004837432,11.0,0.014878307359749599,1352.0,1357.0,1233.3,1.0962458444822833,1.1003000081083274,0.0,0.4444444444444444,-0.8994235273666114,59,135,67.18501187718778
55,Grand Canyon,MWC,20-12,111.0961866742226,125,97.4142066350571,21,0.819265575139263,55,20.0,12.0,13.0,7.0,13-7,0.5826598215112203,0.42729096608209843,0.6593238842764139,0.5826598215112203,0.42729096608209843,0.6593238842764139,0.7820973163290352,0.8499518501569756,111.41245316005845,107.49348633315459,111.41245316005845,107.49348633315459,111.81357707518264,95.48046192392701,108.06877548001978,93.83442392543937,0.8353755560314174,7.0,-0.055069169307065846,1500.0,1358.0,1375.5749999999998,1.090453083256093,0.9872235247078496,0.0,0.65,-3.083922856164348,82,309,67.98576529237297
56,Boise St.,MWC,20-12,118.1731644997644,53,103.65025603186334,81,0.8187617179419675,56,21.0,11.0,12.0,8.0,12-8,0.6473705751998259,0.5743598220017218,0.6994683125250108,0.6473705751998259,0.5743598220017218,0.6994683125250108,0.75856443553088,0.8004152902542991,113.8437804986965,105.20270381620831,113.8437804986965,105.20270381620831,119.6469652876674,106.018128557092,118.12377418054287,111.06391846500001,0.6701164975011626,7.0,-0.017180617149780253,1570.0,1503.0,1354.3875,1.159195577336619,1.1097267214884956,0.0,0.6,-2.069610849322128,71,219,65.71372558836947
57,Minnesota,B10,15-17,115.88031177621227,72,101.99892120835348,58,0.812654220060666,57,15.443669016870977,17.556330983129023,8.0,12.0,8-12,0.6835392106081419,0.40485315796420274,0.8394410654313077,0.6884229165458302,0.40485315796420274,0.8394410654313077,0.6570451875564819,0.8520251638801607,115.9163133822191,105.48063248277253,116.1418985676804,105.5105364334229,118.27780795639993,102.10483061584227,117.32118495014974,102.6753529222688,0.8225101416569187,16.0,-0.07456538887284025,1359.0,1428.0,1252.7875,1.0847809385071292,1.1398581164004271,0.0,0.4,-3.954581047695894,88,340,62.64093783381729
58,UCF,B12,21-11,119.89741427286818,39,105.57611719705585,113,0.8119681272911417,58,21.295468386910912,11.704531613089088,9.0,9.0,9-9,0.7097985294576367,0.47760499945906654,0.839701015251374,0.715910039826677,0.47760499945906654,0.839701015251374,0.6544327593042315,0.8500972496319185,114.54598311783859,103.01792758584152,114.84787520737277,102.9766932698312,121.38001713271882,105.84121106997951,119.77854926647493,104.46259998282571,0.8282646757217242,13.0,0.11720593776611832,1406.0,1466.0,1271.6000000000001,1.1056936143441332,1.152878263604907,0.0,0.5,2.0674630137883057,37,7,69.10049130912232
59,Stanford,ACC,20-12,117.02672949145808,65,103.58638904933743,78,0.8026529986848525,59,20.516355462082835,12.483644537917163,9.0,9.0,9-9,0.6857426096949151,0.5309007645314878,0.7979688047493072,0.6889649781933119,0.5309007645314878,0.7979688047493072,0.722624718148959,0.8686917502289019,113.67344166903445,104.11491913128201,113.5131495335275,103.8836672090054,116.99961882976989,103.72842221516538,119.30470656223369,105.31526227960276,0.8075716566329867,10.0,0.03652254423531465,1304.0,1322.0,1181.95,1.1032615592876178,1.1184906298912813,0.0,0.5,-0.9345290153663883,61,92,66.99000350319038
60,Seton Hall,BE,21-12,108.68813511551147,168,96.22425419832119,18,0.8022971098042694,60,21.0,12.0,10.0,10.0,10-10,0.6778312645562793,0.4461470780723838,0.7893440720157365,0.6778312645562793,0.4461470780723838,0.7893440720157365,0.7158009312298084,0.8721803149378924,113.49227765767475,104.62344304848692,113.49227765767475,104.62344304848692,106.62833305721169,96.41070818707333,112.38900064702631,97.70580037130361,0.8334196043524643,8.0,0.05659200349121374,1339.0,1339.0,1318.0625,1.0158850585613353,1.0158850585613353,0.0,0.5,-0.3188572648938273,51,57,65.15079167393782
61,Arizona St.,B12,17-16,115.13247740797232,75,102.20645874656904,63,0.7973023575735794,61,17.0,16.0,7.0,11.0,7-11,0.7485423271495151,0.6112729476683707,0.8302711143974104,0.7485423271495151,0.6112729476683707,0.8302711143974104,0.6176799992429614,0.7411724844408737,117.32768236002734,103.21669558911937,117.32768236002734,103.21669558911937,116.98063204762227,102.28760661318236,116.38651531421179,100.70014044790864,0.8408878626258999,18.0,0.04027692668188071,1354.0,1437.0,1268.8625,1.0670974987439539,1.1325104177954664,0.0,0.3888888888888889,-0.9927832549570501,62,83,69.20645890988
62,Northwestern,B10,15-19,116.36993653843275,71,103.5830105588738,77,0.7922613194978975,62,15.0,19.0,5.0,15.0,5-15,0.7271773672581152,0.4918241913470165,0.8455735909268117,0.7271773672581152,0.4918241913470165,0.8455735909268117,0.6183033543930163,0.8323212351606998,117.19640612326187,103.84212925050338,117.19640612326187,103.84212925050338,115.53610705034143,104.82902093638174,116.89213667430873,104.04677141247087,0.7922805837745137,16.0,-0.03813473334475015,1377.0,1508.0,1296.85,1.061803601033273,1.1628175964837877,0.0,0.25,-3.6923547768138003,84,264,65.09202976444747
63,West Virginia,B12,18-14,108.38380120493386,176,96.48360569298225,19,0.7920807703375793,63,18.483644537917165,14.516355462082837,9.0,9.0,9-9,0.6569506005509818,0.39855360405450774,0.8307816924537601,0.6613658247266613,0.39855360405450774,0.8307816924537601,0.6871098671663413,0.8641226634536128,113.64441793108784,105.22390941934991,113.74691222047974,105.17428759025537,109.57703532579743,97.80039732875319,111.77362059290238,97.73638812768583,0.8239466783708981,14.0,0.008285410845472851,1176.0,1222.0,1149.7875000000001,1.0227976908776621,1.0628050835480467,0.0,0.5,-1.9353665922560042,69,149,62.458947441644
64,Mississippi,SEC,15-20,114.02537953316943,89,101.61531258008587,51,0.7900303471546047,64,15.0,20.0,4.0,14.0,4-14,0.7210105417733556,0.48161115317053577,0.853807115710817,0.7210105417733556,0.48161115317053577,0.853807115710817,0.6295636119137275,0.808820005767968,117.63736427295778,105.11558493746368,117.63736427295778,105.11558493746368,115.3878002210599,104.7561210548344,115.01567162187094,99.69190271343788,0.8381212625867327,20.0,-0.05327275788185143,1364.0,1490.0,1261.525,1.0812310497215671,1.1811101642852895,0.0,0.2222222222222222,-4.50616248176643,94,306,66.06920613907516
65,USC,B10,18-14,113.02870099845546,100,101.20050088857468,41,0.7809460152248183,65,18.0,14.0,7.0,13.0,7-13,0.7049818891097018,0.4619632512236473,0.8327201946867824,0.7049818891097018,0.4619632512236473,0.8327201946867824,0.6597714345081023,0.8680687307960728,116.51633205359478,104.00470758458655,116.51633205359478,104.00470758458655,112.11646956209044,101.4348095523212,110.90398894959975,100.40048190541731,0.7584545712969707,13.0,0.056686522122483374,1432.0,1593.0,1401.7875000000001,1.0215528387861925,1.136406195660897,0.0,0.35,-0.9066304339308437,60,56,70.71670022315439
66,Tulsa,Amer,27-7,120.68797302058664,36,108.13851622935042,163,0.7794816850739765,66,27.0,7.0,13.0,5.0,13-5,0.4935533508091581,0.3876831887742724,0.5443597734563655,0.4935533508091581,0.3876831887742724,0.5443597734563655,0.8674322613234895,0.9059289205051402,108.76338147885595,107.86890595645382,108.76338147885595,107.86890595645382,123.05590418790615,107.69813296264985,115.95283368575197,109.39544603499465,0.6613830753839831,1.0,0.0499924991371945,1504.0,1311.0,1227.0874999999999,1.2256664663277885,1.068383468986523,0.0,0.7222222222222222,-1.0216496904558188,63,67,67.83808603835067
67,Wake Forest,ACC,18-16,118.13410101227016,54,105.85979678385274,118,0.7793024718327588,67,18.0,16.0,7.0,11.0,7-11,0.6952200751863419,0.5235109945373003,0.8151321024040277,0.6952200751863419,0.5235109945373003,0.8151321024040277,0.6811441396699491,0.7736012212196327,115.34448915625372,104.4455810718729,115.34448915625372,104.4455810718729,118.22404797053433,106.68769670113399,116.27009201645208,104.2451592077413,0.778243590372197,14.0,0.003939181892936849,1354.0,1417.0,1229.2125000000003,1.1015182484720907,1.152770574656538,0.0,0.3888888888888889,-2.929864063954606,79,162,68.25777079576854
68,LSU,SEC,15-17,118.79962225695836,50,106.6378790320528,131,0.7759108328862241,68,15.0,17.0,3.0,15.0,3-15,0.6854818138763781,0.4380260645357739,0.8527959124912423,0.6854818138763781,0.4380260645357739,0.8527959124912423,0.6721605304324019,0.8632352766973834,115.41291470634756,104.64179121557427,115.41291470634756,104.64179121557427,115.68235469290966,107.38352752951204,116.26643994363138,105.54535839504886,0.7526045838983682,15.0,-0.05055290861138517,1367.0,1502.0,1262.4125,1.0828473260523008,1.189785430673413,0.0,0.16666666666666666,-4.377793412256194,93,302,66.58688016113696
69,Northern Iowa,MVC,23-12,109.69620527438609,150,98.47442069206011,25,0.7757478443736832,69,23.176246734004685,12.823753265995316,11.0,9.0,11-9,0.5070991940386255,0.4511495313362671,0.5343290452916364,0.519172898840814,0.4511495313362671,0.5343290452916364,0.8452671971119902,0.8538010631123083,108.80619975014166,107.87263755640288,109.11696363786142,107.47506164010659,106.95928121337029,99.30603202178365,109.47114397873307,89.09109212908334,0.9144341193664686,1.0,-0.07481245868974284,1354.0,1252.0,1261.4875,1.0733360417760778,0.9924791169155461,0.0,0.55,-5.349308073158259,106,341,62.16824836397639
70,California,ACC,21-11,113.64060832206576,94,102.0220932767757,59,0.7756149194466542,70,21.771723520337872,11.22827647966213,9.0,9.0,9-9,0.6192039497458949,0.37177039599498474,0.7860790955224695,0.6180046342868926,0.37177039599498474,0.7860790955224695,0.7447136438707722,0.9011301065934028,113.20947992654051,105.91599172977634,113.04972708930815,105.89110405040785,112.75984755295366,101.27405869540829,113.37605660845004,100.05131981820713,0.8081153220425263,10.0,0.06398009993045062,1323.0,1382.0,1261.9875000000002,1.048346358422726,1.095098010083301,0.0,0.5,-0.6692435099017661,56,45,67.8532925885852
71,Akron,MAC,29-5,117.11404984793656,64,105.31285781011701,103,0.7723179816102804,71,29.166936781805944,5.833063218194054,17.0,1.0,17-1,0.3934169316904121,0.3729734231462599,0.39096576091098273,0.4091541575461273,0.3729734231462599,0.39096576091098273,0.8793193990670142,0.8701366815792059,108.29717801869278,111.34450220410748,108.84045121194819,110.9612988934269,117.06285445364917,103.0162089080862,120.68321342299541,107.5089431096077,0.7907318667156082,1.0,0.053949368548597554,1539.0,1279.0,1274.9375,1.2071179959801952,1.0031864307073877,0.0,0.9444444444444444,-0.24102088525324827,48,61,70.30796701263348
72,Butler,BE,16-16,117.13195380409392,62,105.44934125341254,109,0.7699998167873289,72,16.0,16.0,7.0,13.0,7-13,0.686624894784169,0.48699919914101836,0.7925719303795438,0.686624894784169,0.48699919914101836,0.7925719303795438,0.7030651799728522,0.8122929106298229,113.38339768020118,104.23102883892017,113.38339768020118,104.23102883892017,117.03595092376683,107.89621193831415,121.2012218775346,105.95813903467007,0.8242907411249443,9.0,-0.030772121980979783,1509.0,1630.0,1403.4125000000001,1.075236254486831,1.1614546685311695,0.0,0.35,-4.227431425044017,91,248,68.89254901661234
73,McNeese St.,Slnd,28-5,113.1079385177069,97,101.9632039256364,56,0.7672596003398353,73,28.157216183086852,5.8427838169131485,19.0,3.0,19-3,0.42575233255250017,0.5039732306257073,0.37141253926138806,0.44106680263591086,0.5039732306257073,0.37141253926138806,0.8506411163020267,0.7528131193256243,107.5967155160463,108.77794033518306,108.21545429719784,108.47995322404351,113.55146485786038,104.1841638824365,105.63434592498041,106.1940236712298,0.4848124000315771,2.0,0.08992554182458923,1693.0,1414.0,1444.375,1.1721332756382519,0.9789701427953267,0.0,0.8636363636363636,0.6981959352011288,43,17,66.12233373972758
74,Providence,BE,15-18,120.75171316154726,35,109.04867026146728,186,0.7635668340783596,74,15.0,18.0,7.0,13.0,7-13,0.6975491030319461,0.4948279648238331,0.7932130201282189,0.6975491030319461,0.4948279648238331,0.7932130201282189,0.6813955632707842,0.7805712384897926,113.3718284124821,103.34431471857724,113.3718284124821,103.34431471857724,122.06034590235515,109.40143836612647,120.73966905580706,107.74758400412864,0.7873830058124576,10.0,-0.04996594258703674,1662.0,1703.0,1467.7749999999999,1.1323261399056397,1.1602595765699786,0.0,0.35,-5.144278391154418,100,300,71.31917374499574
75,Colorado,B12,17-15,117.9192011280762,57,106.67743649765083,134,0.7599097573317082,75,17.31251719541769,15.687482804582308,7.0,11.0,7-11,0.708330816562282,0.5332150092418313,0.8321380287953423,0.71336363689617,0.5332150092418313,0.8321380287953423,0.6799494468733841,0.8627074351770248,115.20816365022601,104.02542284401791,115.51033365299486,104.07745377590342,117.09125297885574,104.95134583147677,112.28896334147288,107.74121282023489,0.616672683828416,11.0,0.02177940540952683,1359.0,1444.0,1260.2124999999999,1.0783895573167226,1.1458384994594166,0.0,0.3888888888888889,-2.719408020322428,75,119,68.59502517056941
76,Marquette,BE,12-20,111.66818637380416,119,101.05045786204224,39,0.7593257650209763,76,12.0,20.0,7.0,13.0,7-13,0.7104043469722133,0.5606571496355383,0.7936353553822812,0.7104043469722133,0.5606571496355383,0.7936353553822812,0.6791829028430685,0.7390752496378518,115.20817820208637,104.21996938003554,115.20817820208637,104.21996938003554,112.76092270061925,100.89337564281722,112.35255914046337,102.21224419899023,0.747965043200339,11.0,-0.1231085407102318,1450.0,1493.0,1381.4124999999997,1.049650267389357,1.0807778270429726,0.0,0.35,-7.476452739718328,145,363,69.21190819165201
77,Nevada,MWC,22-12,114.48999647312525,86,103.64778016135622,80,0.7584359774576581,77,22.809267908569716,12.190732091430284,12.0,8.0,12-8,0.6360985630741646,0.5927433665246752,0.6634325280455771,0.6321948930073208,0.5927433665246752,0.6634325280455771,0.7737733197341032,0.8271492757874739,111.95089742241784,105.60392386853621,111.99590648565935,105.83087291544415,115.00610968402307,103.86442388586569,112.35443219237429,105.74507145804641,0.6675696177199331,7.0,0.0548449867658507,1501.0,1428.0,1337.7624999999998,1.122022780575775,1.0674540510740884,0.0,0.6,-1.9251209851858873,68,58,66.02674041498018
78,Georgetown,BE,16-18,113.88267295115637,91,103.17894902978932,71,0.7567778753513056,78,16.0,18.0,6.0,14.0,6-14,0.6901307068922172,0.4612975025378876,0.7938889614361064,0.6901307068922172,0.4612975025378876,0.7938889614361064,0.6880443813252609,0.8112016346862473,113.01759001207319,103.99766777486941,113.01759001207319,103.99766777486941,115.13323459817005,103.67551586507275,112.5188752876888,100.06004109825729,0.7940530347094437,12.0,-0.031240007960544713,1432.0,1484.0,1338.075,1.070194122153093,1.1090559198849093,0.0,0.3,-4.939190579699996,97,249,66.20224909798051
79,Oklahoma St.,B12,20-14,118.40390167553055,51,107.29910808107724,148,0.7563064922943606,79,20.0,14.0,6.0,12.0,6-12,0.7054384806444749,0.4992680872102216,0.84972686025101,0.7054384806444749,0.4992680872102216,0.84972686025101,0.6782945892621647,0.8524638981239318,114.38578573967595,103.37303953623436,114.38578573967595,103.37303953623436,116.26713031164238,107.27500643601338,116.70467584532305,106.9142835549432,0.732554234128012,13.0,0.09067302409972128,1415.0,1540.0,1320.1250000000002,1.071868194299782,1.1665561973297982,0.0,0.3333333333333333,-0.8578894570212152,57,16,72.30943048797977
80,Belmont,MVC,26-6,119.98824343849984,38,108.87853076303116,180,0.7534969081816761,80,26.0,6.0,16.0,4.0,16-4,0.4700233168887016,0.3551353041516658,0.5365458487576779,0.4700233168887016,0.3551353041516658,0.5365458487576779,0.8795433419283746,0.9160238134584149,107.36147620218794,108.3719141199302,107.36147620218794,108.3719141199302,122.67816997673988,110.99512574221589,0.0,0.0,0.0,0.0,0.07453125346330147,1665.0,1522.0,1385.6499999999999,1.2016021361815756,1.098401472233248,0.0,0.8,-0.660450456191918,55,28,68.95826320632327
81,Dayton,A10,23-11,109.93724812993986,146,99.94871152668236,34,0.7493980499932716,81,23.545666903072625,11.454333096927375,12.0,6.0,12-6,0.5934556675744791,0.5373475298114901,0.6097813210174482,0.5950332939046568,0.5373475298114901,0.6097813210174482,0.7833951678308603,0.779986488788677,111.49982372911158,107.12517147377875,111.51679165490616,107.10082771555933,109.65610913962556,101.62614620504537,103.38629649148969,102.07922193131311,0.5365141568350098,7.0,0.06629859540122163,1293.0,1260.0,1211.9750000000001,1.0668536892262628,1.0396254048144555,0.0,0.6666666666666666,-1.5564811528746683,66,42,67.00544984737981
82,Syracuse,ACC,15-17,115.03903873386595,76,104.5920060983895,91,0.7492940480080786,82,15.0,17.0,6.0,12.0,6-12,0.6792135130190701,0.49649980984390835,0.8010852657667988,0.6792135130190701,0.49649980984390835,0.8010852657667988,0.6756272902788586,0.7645651628004507,113.5707358143084,103.68516201692816,113.5707358143084,103.68516201692816,116.23480271107367,105.88799738121321,110.45651884265308,103.00875173674604,0.6905713900342831,13.0,-0.034260635149610086,1361.0,1447.0,1258.05,1.0818329955089225,1.1501927586343945,0.0,0.3333333333333333,-4.567589742787514,95,255,67.3725191441382
83,George Washington,A10,18-15,117.19751051001478,60,106.87728141808957,138,0.7427025198905095,83,18.384118657294746,15.615881342705256,8.0,10.0,8-10,0.5126640903830788,0.41974079863963476,0.5631108589674552,0.5203612990069149,0.41974079863963476,0.5631108589674552,0.8252201997245363,0.8546019759237967,109.05026293110996,107.27911272273755,109.19131573844804,107.12348320707139,117.64318082585169,108.03638813810275,118.26794535492668,102.42680786466426,0.83939715518711,5.0,-0.13398368325908006,1422.0,1336.0,1235.45,1.1509976122060788,1.0813873487393257,0.0,0.4444444444444444,-7.772304834598783,150,364,69.3198279563968
84,Wichita St.,Amer,23-11,110.81819749213031,130,101.3970498743949,46,0.7353114920592684,84,23.0,11.0,13.0,5.0,13-5,0.5222437035230911,0.4408814475705872,0.5435917808038628,0.5222437035230911,0.4408814475705872,0.5435917808038628,0.835369489238794,0.846563777922914,110.19580552490137,108.3105882760102,110.19580552490137,108.3105882760102,111.70051399413654,103.05385697984089,103.68014113468804,94.35831602653619,0.7471422723417975,4.0,0.007496522399368821,1413.0,1322.0,1269.9999999999998,1.1125984251968506,1.040944881889764,0.0,0.7222222222222222,-3.7915094742035182,85,152,66.50684621821706
85,Creighton,BE,15-17,114.78975804445487,81,105.17747595550907,102,0.7321798639267404,85,15.615145202527678,17.38485479747232,9.0,11.0,9-11,0.7159714104201245,0.5620117143755621,0.7963329582373738,0.7133979947476407,0.5620117143755621,0.7963329582373738,0.6721405393709894,0.7180465082415114,114.01442163842162,102.94566422507661,113.91825801196065,103.03175934828674,116.72777688329249,104.72976793544868,111.09984882190503,104.74120789655731,0.6632412987717466,11.0,0.008266668505150565,1505.0,1534.0,1383.6125,1.0877322949886619,1.1086919206063837,0.0,0.45,-4.062244924965223,89,150,67.34718785672409
86,Colorado St.,MWC,21-12,118.28932643486047,52,109.00132239193826,185,0.719179554574119,86,21.684483983644643,12.315516016355357,11.0,9.0,11-9,0.5903626526406315,0.4321737977544366,0.6640710797426207,0.591063438192279,0.4321737977544366,0.6640710797426207,0.7898463052658088,0.8807499507338289,111.8093484125185,106.78649716718807,111.65780185853012,106.65890869236964,116.12191477849277,109.40830175244815,114.53553370116738,103.45748864519572,0.7631142328815608,8.0,0.05169458838762753,1438.0,1447.0,1280.5375,1.1229659420360592,1.1299942406997063,0.0,0.55,-2.9271965782023406,78,65,62.95694481441737
87,Utah Valley,WAC,25-8,112.24581009467792,110,103.48869164864327,75,0.7179127855451409,87,25.615881342705254,8.384118657294744,14.0,4.0,14-4,0.4396324805029944,0.42287821684876004,0.436437996755831,0.44674860607696415,0.42287821684876004,0.436437996755831,0.8818074015140699,0.8570527188863406,106.42312584968498,106.91106948910155,106.72153930299989,106.95479905560832,112.79196561733625,106.10893469311499,110.47921627419724,112.55977528861095,0.4465659467386026,2.0,0.03206948953658628,1429.0,1299.0,1276.075,1.1198401347883158,1.0179652449895187,0.0,0.7777777777777778,-2.736537943253981,76,99,68.62433767363807
88,Miami OH,MAC,31-1,116.56685312237266,68,107.49265270776044,150,0.7174784844250641,88,31.291117450329256,1.708882549670742,18.0,0.0,18-0,0.34508432734703187,0.22558293136581972,0.4238236621806198,0.3607120781800628,0.22558293136581972,0.4238236621806198,0.91501155165446,0.9523945153821525,106.83163993712554,112.16846322643644,107.36727519935582,111.9259665340532,117.4883095997414,107.49100684754882,0.0,0.0,0.0,0.0,0.1710990295099315,1579.0,1401.0,1313.3874999999998,1.202234679407258,1.0667072741289225,0.0,1.0,2.424215238447114,34,1,69.93326471304506
89,Stephen F. Austin,Slnd,28-6,112.414350768036,109,103.72534496796888,83,0.7160839477004746,89,28.0,6.0,20.0,2.0,20-2,0.3879547964414049,0.31723496628114317,0.37603352234807585,0.3879547964414049,0.31723496628114317,0.37603352234807585,0.9009842530993636,0.9242812482049655,105.75565645101275,109.54152703917764,105.75565645101275,109.54152703917764,113.33143405644364,102.34935831367588,0.0,0.0,0.0,0.0,0.06584979002152547,1650.0,1429.0,1444.3500000000004,1.1423823865406582,0.9893723820403639,0.0,0.9090909090909091,-0.8726075019547833,58,43,65.78691703838152
90,Oregon,B10,12-20,111.71428260198249,116,103.36965609597493,74,0.7094636818011288,90,12.0,20.0,5.0,15.0,5-15,0.7395484357601345,0.5565958640806694,0.844526846667988,0.7395484357601345,0.5565958640806694,0.844526846667988,0.6444068034568372,0.81282169198636,116.5612283507862,103.15482410368077,116.5612283507862,103.15482410368077,111.10785667609866,103.04892637370907,112.69367822425403,106.48867933610713,0.657302994386901,16.0,-0.04357818325497509,1331.0,1494.0,1301.6750000000002,1.0225286649893406,1.147751935006818,0.0,0.25,-6.3071269775069485,127,280,65.92794131202452
91,Hofstra,CAA,24-10,113.0455996541013,99,104.78006496250629,95,0.7054046751909674,91,24.143023436482697,10.856976563517303,12.0,6.0,12-6,0.42957170985025656,0.45383581365536985,0.40143087280067186,0.4440080188925376,0.45383581365536985,0.40143087280067186,0.873235990665623,0.8484038889042704,107.12287910481982,108.86291714517886,107.7999475313085,108.67613831712282,112.7726860441231,105.1404111958304,112.86184687607309,100.37666544873812,0.7938350621373248,1.0,-0.011264651263839354,1327.0,1190.0,1166.4750000000001,1.1376154653978867,1.0201675989626866,0.0,0.6666666666666666,-4.724920577476471,96,209,64.70519835103339
92,High Point,BSth,30-4,115.56421890600862,74,107.41362764121556,149,0.6986973030538745,92,30.148420396423564,4.851579603576436,15.0,1.0,15-1,0.27814574604467857,0.2729902449843925,0.2823786883025906,0.29677286178288254,0.2729902449843925,0.2823786883025906,0.9329053728661918,0.9473677197111404,103.17521030625292,112.5032783646235,103.92360895382468,112.15957727776537,114.62259272330618,107.77811196425624,0.0,0.0,0.0,0.0,0.0402030830171326,1382.0,1148.0,1147.0125,1.2048691709985724,1.0008609322043134,0.0,0.9375,-1.4596826215543002,64,84,69.88242708113067
93,Yale,Ivy,24-7,118.11596050817268,55,109.97557535083286,205,0.6944906745058783,93,24.0,7.0,11.0,3.0,11-3,0.4273481001199525,0.434369998867309,0.3997141077746279,0.4273481001199525,0.434369998867309,0.3997141077746279,0.8908493189033518,0.8627507726147954,108.14672410015464,109.52877712043896,108.14672410015464,109.52877712043896,112.75507177897646,106.20766865750366,121.08704763973095,123.11806864729631,0.4523222228522137,1.0,0.05159176195805171,1069.0,929.0,916.0249999999999,1.1669987172839171,1.0141644605769495,0.0,0.7857142857142857,-1.5385257560871173,65,66,64.71745879031941
94,Xavier,BE,15-18,117.17539171460976,61,109.16626220881547,188,0.6930033486695972,94,15.0,18.0,6.0,14.0,6-14,0.7167764310658927,0.5398288321310584,0.800210531755688,0.7167764310658927,0.5398288321310584,0.800210531755688,0.6808025472171869,0.7932433522699093,113.59240831930033,102.73678893640215,113.59240831930033,102.73678893640215,117.29368087449697,110.6423646248023,113.04639036311049,107.54290580763069,0.6396732717084276,12.0,0.022293197545091847,1567.0,1695.0,1443.8,1.0853303781687214,1.1739853165258347,0.0,0.3,-5.025444609087416,98,117,70.30256766477383
95,Wyoming,MWC,18-15,114.52045906295308,85,106.76608477546745,136,0.6913208097292103,95,18.0,15.0,9.0,11.0,9-11,0.5745147722180711,0.37167438369715683,0.6703393487170586,0.5745147722180711,0.37167438369715683,0.6703393487170586,0.7808230979562826,0.8753032842924466,111.67578353835981,107.13290878293888,111.67578353835981,107.13290878293888,114.76378883978893,108.74064807369568,112.92915060504652,106.11801866664426,0.6715934711193025,7.0,-0.024452155278571697,1430.0,1473.0,1300.4875,1.099587654629514,1.132652178509982,0.0,0.45,-5.304476268480613,105,238,66.32230130994263
96,Cal Baptist,WAC,25-8,107.39724404651001,194,100.202774306501,37,0.689416846403343,96,25.1467535683756,8.853246431624399,13.0,5.0,13-5,0.45227913148768456,0.4477516582306901,0.4402454471210854,0.4662735190688,0.4477516582306901,0.4402454471210854,0.8605055749358664,0.8515439149686894,106.6530544966971,108.83668406686114,106.97831677308336,108.40733753554298,106.84252425738003,99.33089093830364,94.18090457857365,111.532636452952,0.12513814306451457,1.0,0.07010013787150138,1281.0,1179.0,1214.8750000000002,1.0544294680522686,0.9704702129848748,0.0,0.7222222222222222,-2.354365808943939,74,38,65.9206818716475
97,Notre Dame,ACC,13-18,114.9462691570061,78,107.29851927858502,147,0.6882121940242174,97,13.0,18.0,4.0,14.0,4-14,0.6897679482350919,0.5387039102236247,0.7988697534655961,0.6897679482350919,0.5387039102236247,0.7988697534655961,0.6714416202009402,0.7520025289266304,114.51447441006292,104.06232230079799,114.51447441006292,104.06232230079799,114.70510668684034,108.96904418728053,111.26956902019833,102.9338025583037,0.71002423795703,13.0,-0.02150498243453458,1311.0,1446.0,1226.6375,1.068775412458856,1.1788323771285323,0.0,0.2222222222222222,-5.675245913201346,113,230,66.03404884112506
98,Mississippi St.,SEC,13-19,112.7713701413719,105,105.4455738998665,108,0.6840456641855182,98,13.0,19.0,5.0,13.0,5-13,0.7257457358314728,0.5165443017146938,0.8695535646071249,0.7257457358314728,0.5165443017146938,0.8695535646071249,0.6572752340518615,0.8276719467159774,116.88774634249043,104.56647554390031,116.88774634249043,104.56647554390031,114.7582229826283,105.5109922408977,110.72097416275328,104.645192139179,0.6567928619597878,14.0,0.0025182849369757565,1384.0,1553.0,1298.1749999999997,1.0661120419049823,1.196294798467079,0.0,0.2777777777777778,-5.637481468823272,111,166,69.4930370254849
99,Saint Joseph's,A10,22-11,108.21510851297414,177,101.25970140669732,43,0.6822157905757967,99,22.315516016355357,11.684483983644643,13.0,5.0,13-5,0.4965359852997286,0.3608846813501412,0.5655865468815122,0.5047396833617581,0.3608846813501412,0.5655865468815122,0.8363176621938433,0.8776318084121831,108.47960939948601,107.66343953839402,108.83421809435492,107.66096659143237,110.69715569281148,99.68398292794474,107.62654318155788,114.88710941372912,0.3206577033780185,4.0,0.030204534490889667,1310.0,1246.0,1219.6374999999998,1.0740896372897686,1.0216150290557646,0.0,0.7222222222222222,-4.092254917899311,90,103,67.94049523097918
100,South Carolina,SEC,13-19,111.68267007051932,118,104.51243239160787,90,0.6820238812967908,100,13.0,19.0,4.0,14.0,4-14,0.6690252689926012,0.37711599155796666,0.8684381572182828,0.6690252689926012,0.37711599155796666,0.8684381572182828,0.6657916295216605,0.878214428266468,115.91602846054839,106.22028069342485,115.91602846054839,106.22028069342485,111.18601473784172,104.30001242703621,109.19809742707493,104.6716234126061,0.6193662727910305,15.0,-0.03990048832251841,1271.0,1474.0,1238.8875,1.025920432646225,1.1897771185842136,0.0,0.2222222222222222,-6.180280309969531,124,270,66.2967166784476
101,Kansas St.,B12,12-20,112.67004412066561,107,105.52339288481039,112,0.6799638337480554,101,12.0,20.0,3.0,15.0,3-15,0.7125991141938283,0.5115347958415477,0.8481148559726246,0.7125991141938283,0.5115347958415477,0.8481148559726246,0.6546512691077766,0.8120290829150869,114.99141572824897,103.93448366926087,114.99141572824897,103.93448366926087,109.99302889849912,104.60127001876259,113.1492975590173,108.48732692175915,0.6186589906523062,14.0,-0.03832475561124793,1305.0,1505.0,1313.8374999999999,0.9932735212688024,1.1454993482831781,0.0,0.16666666666666666,-6.7047944977965095,132,265,72.65943555659472
102,DePaul,BE,16-16,106.67400806617351,207,99.91566157123675,33,0.6797640036818171,102,16.0,16.0,8.0,12.0,8-12,0.6496742562479878,0.3638593721268881,0.8015172615125188,0.6496742562479878,0.3638593721268881,0.8015172615125188,0.7297303302671936,0.9036058965957445,112.50406011855557,105.65858433947034,112.50406011855557,105.65858433947034,107.81464524078687,98.8860516187862,104.34547745395867,95.1004408056779,0.7440064410946313,7.0,0.014691962405837922,1341.0,1417.0,1333.45,1.0056620045745996,1.0626570175109677,0.0,0.4,-5.1914984150766985,102,136,66.44300093284777
103,Pittsburgh,ACC,13-20,112.57791419192961,108,105.49388419355844,110,0.6786150854178278,103,13.0,20.0,5.0,13.0,5-13,0.7014045131834586,0.5263569905338918,0.8126492454934426,0.7014045131834586,0.5263569905338918,0.8126492454934426,0.6876448840288036,0.8107660806810242,114.51832496825035,104.24394100991753,114.51832496825035,104.24394100991753,110.85289890574708,104.69546909658192,110.73608611360709,107.75264730990132,0.5778812940420114,12.0,-0.03700142414585217,1213.0,1328.0,1171.1499999999999,1.0357341075011741,1.1339281902403622,0.0,0.2777777777777778,-7.284165382730302,141,262,63.6470421975078
104,Seattle,WCC,21-13,102.00657689186679,294,95.59585990904584,14,0.6784023775682417,104,21.0,13.0,8.0,10.0,8-10,0.5161092125646283,0.3745876635808673,0.613074188833967,0.5161092125646283,0.3745876635808673,0.613074188833967,0.8202296060533025,0.9034256755951812,111.00843764201635,107.97366520005694,111.00843764201635,107.97366520005694,101.9610635612533,95.12223593308296,111.87271209491882,98.65294473445816,0.8094078151122556,6.0,-0.004673461183036465,1204.0,1229.0,1234.7875,0.9750665600356337,0.9953129587074699,0.0,0.4444444444444444,-5.378610751450176,108,186,67.7335441517844
105,UNLV,MWC,18-16,115.60761672778614,73,108.51132844944227,170,0.6744746062340421,105,18.0,16.0,11.0,9.0,11-9,0.625005065833843,0.4990787732427385,0.6732155963813901,0.625005065833843,0.4990787732427385,0.6732155963813901,0.7623010494305984,0.8297542620941816,112.08029369940579,105.35074623016224,112.08029369940579,105.35074623016224,117.6216891648116,109.87186668700527,117.91938135947161,105.4449330792823,0.7834425321174681,8.0,0.020506114977233314,1589.0,1570.0,1396.575,1.1377835060773678,1.124178794550955,0.0,0.55,-6.007974421849787,120,126,69.92258523361065
106,Sam Houston St.,CUSA,22-11,113.92074688157487,90,107.01784924393645,141,0.6723503653202705,106,22.19728962287679,11.802710377123208,13.0,7.0,13-7,0.4591633089886377,0.4386476602171294,0.46683163270368117,0.47098033991715116,0.4386476602171294,0.46683163270368117,0.8607073969690268,0.8231892915823152,109.75200718468982,109.108407056516,110.0158057146761,108.83525076467532,114.15545743568268,108.32587865438673,127.0040611099327,114.7743696988791,0.7621285687527305,1.0,-0.0026933209126588364,1593.0,1497.0,1388.975,1.146888892888641,1.0777731780629602,0.0,0.65,-5.289085331821476,103,183,70.01022996119889
107,Davidson,A10,20-14,110.15663636285839,144,103.53038356118168,76,0.671160646218748,107,20.0,14.0,10.0,8.0,10-8,0.5236248796797967,0.44058448454797766,0.5729503401527316,0.5236248796797967,0.44058448454797766,0.5729503401527316,0.829421972796412,0.8352028381298927,109.61016520724222,106.94101605312004,109.61016520724222,106.94101605312004,110.97523868859484,103.61082778509596,100.99186154295425,107.56606759966509,0.32623772173041093,3.0,-0.020641815383942608,1243.0,1214.0,1154.6125,1.0765516569411817,1.0514350052506793,0.0,0.5555555555555556,-5.885529396795784,117,228,63.68524790277989
108,Pacific,WCC,18-15,110.41115709309878,138,103.9531690885274,86,0.6666590535884364,108,18.0,15.0,8.0,10.0,8-10,0.5267036801091913,0.40496675154451517,0.5856810138365086,0.5267036801091913,0.40496675154451517,0.5856810138365086,0.8052164301525618,0.8468557538633628,110.46798846939122,106.85824822350313,110.46798846939122,106.85824822350313,110.71700607626124,103.68310274635976,109.12982081150317,104.00208606430591,0.6349387009819938,6.0,-0.04204924620834949,1278.0,1260.0,1181.95,1.081264012860104,1.0660349422564406,0.0,0.4444444444444444,-6.825192955223535,134,278,64.39037276923591
109,Maryland,B10,12-21,111.71269038449466,117,105.75864601443578,115,0.6524585059614841,109,12.0,21.0,4.0,16.0,4-16,0.7361072265393866,0.5275181805168784,0.8435940115559483,0.7361072265393866,0.5275181805168784,0.8435940115559483,0.5986595823452686,0.740106272372686,116.82124250336219,103.09566252805561,116.82124250336219,103.09566252805561,111.83698708772529,107.3624356695899,112.89536065290326,108.91948005380391,0.6016401009203639,18.0,0.010238940637678773,1314.0,1552.0,1286.975,1.020998853901591,1.20592863109229,0.0,0.2,-5.441739249865426,109,146,66.28080795807661
110,Illinois St.,MVC,20-12,109.14027886997533,161,103.36958436288197,73,0.6512906885082589,110,20.760924478642124,12.239075521357876,12.0,8.0,12-8,0.5047785471133539,0.40401029043934256,0.546652623443465,0.502868908088544,0.40401029043934256,0.546652623443465,0.8596794648293542,0.884729976792041,109.31343052949543,108.49250715077522,109.30767332308938,108.58251270116013,108.8997448853408,102.84268085884693,122.57865711817487,111.57327922075226,0.7468383137215205,1.0,0.00672679712457136,1459.0,1374.0,1349.0875,1.0814717355249381,1.0184661854772206,0.0,0.6,-5.807894483579906,115,155,66.81215061986555
111,Illinois Chicago,MVC,19-15,109.5211642781029,152,103.77056859084519,84,0.6502770738829601,111,19.228276479662128,15.77172352033787,12.0,8.0,12-8,0.49212017486670045,0.36766058364934506,0.5467523501723822,0.5015842926711361,0.36766058364934506,0.5467523501723822,0.8553806314454284,0.8956516886138141,109.28125698451029,108.52941206913597,109.45812605251388,108.29203006909863,109.92477603588556,101.31223377312992,0.0,0.0,0.0,0.0,-0.06329555292085409,1461.0,1354.0,1340.9875000000004,1.089495614239506,1.0097036698701514,0.0,0.6,-8.627172758218746,171,325,66.2672923164404
112,St. Thomas,Sum,24-10,112.89013194110726,103,107.22602778503975,144,0.6438180669304364,112,24.0,10.0,12.0,4.0,12-4,0.35820369135950064,0.37643532598156004,0.32021512925253354,0.35820369135950064,0.37643532598156004,0.32021512925253354,0.9052370853035007,0.8812840382625058,106.88173843913633,111.71520611114084,106.88173843913633,111.71520611114084,115.56919419157943,110.03757638341614,107.08945883220954,111.92050252581605,0.3757963927077174,1.0,-0.02302511538708607,1371.0,1181.0,1118.2,1.226077624754069,1.0561616884278304,0.0,0.75,-5.03154782491708,99,235,68.39712028457402
113,UC Irvine,BW,23-12,103.83945680797616,266,98.69654284819245,26,0.642022952584184,113,23.0,12.0,15.0,5.0,15-5,0.45560400013548047,0.43869897279060327,0.44748023890619315,0.45560400013548047,0.43869897279060327,0.44748023890619315,0.8941094970061872,0.8927913616025832,107.9570136630071,108.8769291248792,107.9570136630071,108.8769291248792,105.48072633773246,98.78692019126987,0.0,0.0,0.0,0.0,-0.008173880289809476,1537.0,1379.0,1440.6750000000002,1.0668610200079822,0.9571902059798357,0.0,0.75,-5.945766761555536,118,199,68.21954573996311
114,Utah,B12,10-22,114.7546582419417,82,109.25124277824521,190,0.6376506321009136,114,10.0,22.0,2.0,16.0,2-16,0.7247584131460816,0.5401560136756486,0.8489090818544559,0.7247584131460816,0.5401560136756486,0.8489090818544559,0.6628739512443912,0.8329362466955408,115.28652593051821,103.57772212246081,115.28652593051821,103.57772212246081,114.72756741998943,109.75899065232285,114.37251514571985,106.77432534908004,0.6879489729387329,13.0,-0.06593908628468126,1259.0,1438.0,1191.5749999999998,1.0565847722552086,1.2068061179531295,0.0,0.1111111111111111,-8.863706565262518,175,330,66.29447579333464
115,North Dakota St.,Sum,27-7,111.28147200804693,122,105.98666912890764,121,0.6365956835705653,115,27.093677522422727,7.906322477577271,14.0,2.0,14-2,0.33922844586095335,0.37024626192958887,0.3211026454414363,0.3565157413750529,0.37024626192958887,0.3211026454414363,0.9097487191750387,0.9109722696370256,105.9896341131783,111.87115778134637,106.51672612220808,111.37689148940173,113.97393431381632,109.32427573518127,0.0,0.0,0.0,0.0,0.04923595335372899,1312.0,1136.0,1088.4375000000002,1.205397645707723,1.0436979615274187,0.0,0.875,-3.4189067409547755,83,69,66.34791892616717
116,Liberty,CUSA,26-7,118.03746680093626,56,112.60623055667493,262,0.6322096475569116,116,26.0,7.0,17.0,3.0,17-3,0.4336993298004564,0.3641844625430746,0.45916642750637504,0.4336993298004564,0.3641844625430746,0.45916642750637504,0.885665927467619,0.8758798524456235,107.5699989715934,108.65677379888686,107.5699989715934,108.65677379888686,118.89618746962688,112.92057165591272,73.65911599283122,107.92066366750248,0.01221974473316309,1.0,0.12318717450793826,1550.0,1458.0,1308.0625,1.184958669788332,1.1146256390654117,0.0,0.85,-2.1785406720495692,72,4,63.955257597871224
117,Rutgers,B10,14-19,110.84102195775657,128,105.78680329847265,117,0.6310486928592789,117,14.384854797472322,19.61514520252768,6.0,14.0,6-14,0.6847259951384936,0.3971314642113946,0.8251689570777045,0.686121697173504,0.3971314642113946,0.8251689570777045,0.6558596657854784,0.853245528968419,114.79084225510398,104.32070046987853,114.79081036682437,104.34589974856243,114.18347279923132,106.74917754268863,112.65350630969508,111.04567454120244,0.5412348140903852,15.0,0.025619912303027792,1430.0,1599.0,1352.1375,1.0575847500716458,1.1825720387164766,0.0,0.3,-5.366130713786524,107,110,66.68167234513332
118,Hawaii,BW,24-8,106.66921982006888,209,101.82392373903876,53,0.6305569621220283,118,24.10718764822605,8.892812351773951,14.0,6.0,14-6,0.39791943168911575,0.2678510371691519,0.44860710858279296,0.4141728370109441,0.2678510371691519,0.44860710858279296,0.8916803941984062,0.9347761015632539,105.7816052440372,109.67940606168308,106.4941530621932,109.4160202910757,107.80558022403703,103.86426099067673,0.0,0.0,0.0,0.0,0.047839978307391506,1578.0,1475.0,1461.9624999999996,1.0793710508990486,1.0089178073993008,0.0,0.7,-3.84570415995942,86,71,69.56771686348158
119,UT Rio Grande Valley,Slnd,19-14,111.27124001365735,123,106.36138099146135,126,0.6269080908055827,119,19.0,14.0,14.0,8.0,14-8,0.42314271956214206,0.4920518962087862,0.38402519186792056,0.42314271956214206,0.4920518962087862,0.38402519186792056,0.8623735186014088,0.7568412244103434,107.54157346140205,108.79494730303921,107.54157346140205,108.79494730303921,111.25716004273765,108.14080225345913,107.64595509495483,102.03933547788722,0.6491093549376825,3.0,-0.08205063221305064,1626.0,1515.0,1446.725,1.1239178143738444,1.0471927975254454,0.0,0.6363636363636364,-8.155395829653958,157,347,66.38709264958219
120,George Mason,A10,23-10,110.46977265489897,137,106.19642325967314,123,0.6115167507909792,120,23.0,10.0,11.0,7.0,11-7,0.5033221602323535,0.33694537624232745,0.6195342521583947,0.5033221602323535,0.33694537624232745,0.6195342521583947,0.8633775493730459,0.9232649808960681,109.68399386697432,109.00112734774805,109.68399386697432,109.00112734774805,111.21460576599155,107.53242535239974,108.5240390504464,104.05821959733954,0.6185134497239249,2.0,0.09605034341450913,1247.0,1225.0,1137.5249999999999,1.0962396430847674,1.0768994088042023,0.0,0.6111111111111112,-3.0369822383667766,81,13,63.6226296835014
121,UC San Diego,BW,23-11,106.09152114379995,224,102.1889551136378,61,0.6061131672353313,121,23.0,11.0,12.0,8.0,12-8,0.44162699449629517,0.4250831833127984,0.45100655056251854,0.44162699449629517,0.4250831833127984,0.45100655056251854,0.8939284596066875,0.8876361204026506,107.15850954672389,108.59469434694635,107.15850954672389,108.59469434694635,103.95920920475993,102.12620810534476,0.0,0.0,0.0,0.0,0.03457643983107783,1435.0,1398.0,1392.3374999999999,1.0306409185991185,1.0040669018826256,0.0,0.6,-5.953639012215899,119,95,67.18662858011092
122,Duquesne,A10,18-15,110.658588981559,132,106.59850570420829,130,0.6058431541295776,122,18.0,15.0,9.0,9.0,9-9,0.5126213286847505,0.3391803617894754,0.6190894687601332,0.5126213286847505,0.3391803617894754,0.6190894687601332,0.8287831690158782,0.870531558409235,109.73453171039316,107.78272262635055,109.73453171039316,107.78272262635055,110.92307361650971,107.04217975896081,115.0067772289323,110.19958482737599,0.6203481472711174,4.0,-0.02209398618499281,1329.0,1357.0,1241.7249999999997,1.0702852886106025,1.0928345648191027,0.0,0.5,-7.615711243420597,148,232,68.8168052988676
123,Florida Atlantic,Amer,18-15,109.48023252619753,155,105.51807612588928,111,0.6044184797440705,123,18.0,15.0,9.0,9.0,9-9,0.5107801309672809,0.4696466570011048,0.5363314391748872,0.5107801309672809,0.4696466570011048,0.5363314391748872,0.8481779338442306,0.8499954865839597,109.57381877511287,107.6913561003793,109.57381877511287,107.6913561003793,108.89697708160075,104.40630066552754,115.352461247804,108.06845951989791,0.679203805583105,2.0,-0.02745693320982623,1385.0,1363.0,1294.1249999999998,1.0702211919250462,1.0532212885154064,0.0,0.5,-8.315827309412121,160,242,69.78713760856819
124,UNC Wilmington,CAA,27-6,110.18415108254027,143,106.20812537288805,124,0.6041179589426166,124,27.0,6.0,15.0,3.0,15-3,0.3597732958966296,0.28267263228196327,0.3884374069983793,0.3597732958966296,0.28267263228196327,0.3884374069983793,0.9238115677102468,0.944938879214306,106.11919277179226,111.34819075598074,106.11919277179226,111.34819075598074,109.87552145150653,105.98360490169954,0.0,0.0,0.0,0.0,0.10383693074860811,1349.0,1224.0,1190.8,1.1328518642929124,1.0278804165267048,0.0,0.8333333333333334,-2.826597984913122,77,11,64.95145390840013
125,San Francisco,WCC,17-16,113.19966682733197,96,109.16408574259168,187,0.6028759209363578,125,17.0,16.0,8.0,10.0,8-10,0.5699139304042159,0.46961887768904936,0.6520906048310904,0.5699139304042159,0.46961887768904936,0.6520906048310904,0.7850403483600085,0.845115321731491,110.7007075299955,106.1932935184842,110.7007075299955,106.1932935184842,111.08168587273357,108.93106819545099,108.72960688066155,106.30398234598135,0.5645025322152367,7.0,0.0073450766614931995,1305.0,1372.0,1224.1125,1.0660784854333243,1.1208120168693645,0.0,0.4444444444444444,-7.03132972882451,137,153,65.88790616126708
126,Washington St.,WCC,12-20,114.28077977655022,88,110.33316678308736,212,0.5997128927065053,126,12.0,20.0,7.0,11.0,7-11,0.6001456350639053,0.5743478116528541,0.6270531628422001,0.6001456350639053,0.5743478116528541,0.6270531628422001,0.789884428282125,0.8248862102077569,110.89450132159533,105.02865364268162,110.89450132159533,105.02865364268162,116.39427182927872,110.80221361933258,117.59769009844499,113.76685954031677,0.5940801466335696,5.0,-0.10827937206026861,1377.0,1401.0,1236.9250000000002,1.1132445378660791,1.1326474927744203,0.0,0.3888888888888889,-11.336886933873672,229,357,67.8724995165872
127,Montana St.,BSky,18-14,110.838523637078,129,107.28195161253454,145,0.5926812415684145,127,18.0,14.0,12.0,6.0,12-6,0.45013318991556295,0.46370549984687687,0.4336624288291374,0.45013318991556295,0.46370549984687687,0.4336624288291374,0.863276140374153,0.8057046807835254,110.18054363413442,110.03537471692788,110.18054363413442,110.03537471692788,112.08490749417552,107.97692912133746,102.78146054566423,92.7254991458181,0.7656764937096977,3.0,-0.04468347033498876,1394.0,1307.0,1217.4625,1.1450044662566607,1.0735443596825363,0.0,0.6666666666666666,-8.188544514029376,159,285,65.89198890743808
128,Southern Illinois,MVC,16-16,102.3950361661478,288,99.23581498167457,28,0.5891375900290187,128,16.0,16.0,10.0,10.0,10-10,0.50655934529396,0.4319510447372432,0.5527548368840236,0.50655934529396,0.4319510447372432,0.5527548368840236,0.8521669476251336,0.8576530205317425,108.91129791731906,108.32525948734626,108.91129791731906,108.32525948734626,100.59602322195255,96.73469709647833,0.0,0.0,0.0,0.0,-0.057340618811443145,1386.0,1351.0,1387.9750000000001,0.9985770637079198,0.973360471190043,0.0,0.5,-9.578112972228231,195,316,68.97918443826589
129,Fresno St.,MWC,13-19,106.98462969583363,201,103.68763880769812,82,0.5890346491264262,129,13.0,19.0,7.0,13.0,7-13,0.5861755621183115,0.4179226397348129,0.6720644698858724,0.5861755621183115,0.4179226397348129,0.6720644698858724,0.7861596295145331,0.8716328581818206,112.01570118119571,107.02121454155406,112.01570118119571,107.02121454155406,107.07056075386959,102.65939538992409,94.53859395754002,99.66343539406004,0.35272256949353714,6.0,-0.08345347994308905,1427.0,1477.0,1372.4749999999997,1.0397274995901566,1.0761580356654952,0.0,0.35,-10.258139368550465,212,350,68.25737474211935
130,UC Santa Barbara,BW,18-14,113.46837214763096,95,109.98934585064737,206,0.5885846053449284,130,18.0,14.0,11.0,9.0,11-9,0.4397068440048483,0.4102430729728241,0.4527251133108018,0.4397068440048483,0.4102430729728241,0.4527251133108018,0.8930638399253452,0.8898913233841866,106.5615354693354,107.9919773511412,106.5615354693354,107.9919773511412,114.98677526590113,110.05743768922989,0.0,0.0,0.0,0.0,-0.06694776834137184,1571.0,1480.0,1379.8999999999996,1.138488296253352,1.0725414885136606,0.0,0.55,-9.224328219701563,184,332,64.32368965951765
131,Toledo,MAC,19-15,114.42949430951852,87,111.02131467981954,225,0.586064950690328,131,19.0,15.0,11.0,7.0,11-7,0.4531900573920189,0.46378292329072346,0.4223512487317357,0.4531900573920189,0.46378292329072346,0.4223512487317357,0.8690314382063693,0.8450402096682103,109.35677474259053,109.84328010955562,109.35677474259053,109.84328010955562,115.12722764964946,112.77115495365851,107.3883864478313,115.10171173552095,0.31052036699687013,1.0,-0.04961329266473968,1459.0,1373.0,1239.5000000000002,1.1770875352964902,1.107704719645018,0.0,0.6111111111111112,-9.065846564535747,180,299,67.86364950805573
132,Wright St.,Horz,23-11,112.2259258700423,112,108.9193695973901,183,0.585142611618922,132,23.078715335031568,11.921284664968432,15.0,5.0,15-5,0.3960184193640924,0.4246408645569865,0.3858860643100418,0.4116431392941008,0.4246408645569865,0.3858860643100418,0.8915881925990359,0.8737182216346845,109.28367386324713,112.69027780816907,109.67656035728079,112.1784032222637,114.63049709416946,110.4436156423013,0.0,0.0,0.0,0.0,0.01004842551681917,1630.0,1527.0,1375.1875,1.1852929146025541,1.1103940371767487,0.0,0.75,-6.607432572786376,131,147,66.9686625996019
133,Memphis,Amer,13-19,107.85585200862891,184,104.70144223807604,93,0.5845187813796118,133,13.0,19.0,8.0,10.0,8-10,0.614210567099962,0.7010198982356786,0.5615772818543205,0.614210567099962,0.7010198982356786,0.5615772818543205,0.7687368087918758,0.6721532736211778,112.1465144257114,106.12513100689102,112.1465144257114,106.12513100689102,106.53306914956823,105.15133845238931,108.8597542601661,104.19105806001394,0.6234204784998998,5.0,-0.05212716658235167,1358.0,1367.0,1291.7375,1.0512971869284589,1.0582645467829184,0.0,0.4444444444444444,-9.659286367913579,197,304,69.93624372967719
134,Bradley,MVC,21-12,110.65518375121107,133,107.67288746506881,153,0.5779083148387332,134,21.454333096927375,12.545666903072625,13.0,7.0,13-7,0.49558928641737743,0.3630436390098877,0.5538550630679426,0.5012837552955292,0.3630436390098877,0.5538550630679426,0.8677943180853708,0.9223941710265301,108.27877204615328,108.06581365646905,108.28572028504689,107.85921459882896,112.0101375801933,109.2485865574545,0.0,0.0,0.0,0.0,0.06378128451137033,1562.0,1529.0,1406.2499999999998,1.1107555555555557,1.087288888888889,0.0,0.65,-6.037130614976405,121,46,67.49764209448632
135,Murray St.,MVC,20-12,115.0214940703012,77,112.08997087625445,244,0.5736838589346541,135,20.190732091430284,12.809267908569716,12.0,8.0,12-8,0.5169669905156311,0.4370263606668552,0.5542688327822995,0.5258146736277599,0.4370263606668552,0.5542688327822995,0.840958033847679,0.8564905635898764,108.77819457660206,108.57304535919849,108.99638160107128,108.38296395605458,115.75995771163586,112.73292313091335,116.60506528270513,110.63222736073999,0.6467273667782591,1.0,0.07980819949792273,1593.0,1602.0,1416.7999999999997,1.1243647656691138,1.1307171089779788,0.0,0.6,-5.462721247201847,110,22,71.78376650938533
136,Idaho,BSky,21-14,108.70069050958494,166,106.06267022030936,122,0.5701668640242649,136,21.038047097127475,14.961952902872525,9.0,9.0,9-9,0.4245163590432249,0.39209383432336425,0.43611324992733475,0.439697743576907,0.39209383432336425,0.43611324992733475,0.8778408243466532,0.8867302152805412,109.03402130386772,110.68161337501324,109.5249670447536,110.12375547579317,109.05979322208965,109.45270023041168,0.0,0.0,0.0,0.0,-0.017610886626550637,1394.0,1360.0,1249.6125000000002,1.1155458192039531,1.0883373845892226,0.0,0.5,-8.919134083039513,176,221,67.4173545319064
137,UAB,Amer,20-12,108.4568212284091,174,105.89192559426417,119,0.5683766492231331,137,20.0,12.0,11.0,7.0,11-7,0.4780545526751258,0.3801827655063873,0.5483722476432367,0.4780545526751258,0.3801827655063873,0.5483722476432367,0.8652034885382232,0.8950086125520061,108.49540627082028,109.01988271961957,108.49540627082028,109.01988271961957,107.21507441511295,105.53038744037701,112.55972702755845,104.44939561628844,0.7026574764023866,2.0,0.04413547444202448,1375.0,1363.0,1291.2749999999999,1.0648390157015355,1.0555458752008675,0.0,0.6111111111111112,-6.209977683581985,125,79,69.29563817029575
138,Northern Colorado,BSky,20-12,112.17534313070763,114,109.7081911399572,196,0.5635913958578295,138,20.0,12.0,10.0,8.0,10-8,0.41189513064446187,0.370378312905204,0.4368286125808105,0.41189513064446187,0.370378312905204,0.4368286125808105,0.8855929394159365,0.8607410340899599,108.83872054549009,110.4723457877955,108.83872054549009,110.4723457877955,111.04764420641504,109.33580021103116,147.62392515807463,126.41454699529014,0.8561490095703403,1.0,-0.0016075206100973904,1422.0,1364.0,1258.175,1.1302084368231764,1.084109921115902,0.0,0.5555555555555556,-7.103558072893145,138,178,68.45584160464608
139,Boston College,ACC,11-20,103.61287015799536,268,101.41041650282096,47,0.5614591354852793,139,11.0,20.0,4.0,14.0,4-14,0.6206152265295807,0.36859837355122066,0.8026273981250633,0.6206152265295807,0.36859837355122066,0.8026273981250633,0.7400008054320772,0.9161555456001704,112.74029250567979,106.37348587923388,112.74029250567979,106.37348587923388,104.68712312732212,100.86848905720932,104.95328794497703,100.35150417008036,0.6261224369831592,9.0,-0.07687217151156639,1172.0,1324.0,1202.7625,0.9744234626536826,1.1007992018374366,0.0,0.2222222222222222,-10.062031396096595,206,342,65.94989970460045
140,North Texas,Amer,19-14,103.06426077025316,280,101.08425508365042,40,0.5555399943301957,140,19.0,14.0,9.0,9.0,9-9,0.4915557169325439,0.42185356531887436,0.5196301192038741,0.4915557169325439,0.42185356531887436,0.5196301192038741,0.8484258839230092,0.8498387525326193,109.79422325708728,108.58909049789314,109.79422325708728,108.58909049789314,103.54518706854184,102.36157401216568,88.94645598312147,93.98959111982143,0.34655452293807365,2.0,0.02313729317308233,1254.0,1238.0,1206.0999999999997,1.039714783185474,1.0264488848354203,0.0,0.5,-7.375663867431965,143,112,64.97322840007143
141,Penn St.,B10,12-20,113.64745864357187,93,111.58804510180303,234,0.5523829713402555,141,12.0,20.0,3.0,17.0,3-17,0.6853897082790452,0.36667621554854846,0.8553385487125394,0.6853897082790452,0.36667621554854846,0.8553385487125394,0.6663183458710458,0.9270340527238659,115.65727152937849,104.73642995106863,115.65727152937849,104.73642995106863,113.66837787931986,112.57252975499837,114.45396384838138,110.29008463758754,0.6049598047457532,14.0,0.01853187306056575,1408.0,1686.0,1350.3375,1.0427022873911151,1.2485767447027132,0.0,0.15,-7.210227765908872,140,129,67.50940096630582
142,Troy,SB,22-11,110.6067991760676,134,108.8404741094437,176,0.5461508549215548,142,22.081482731867442,11.918517268132558,12.0,6.0,12-6,0.40532130023738766,0.47840500839113276,0.35592694941757164,0.42079251807677337,0.47840500839113276,0.35592694941757164,0.8781517963675372,0.8321176333713708,107.11756530959109,110.27296347509255,107.43013633241779,109.74442039292683,110.05806941210281,110.04780534444174,140.48349319413302,112.72623710014875,0.9263187243563613,1.0,0.04974574103182405,1347.0,1252.0,1184.6249999999998,1.1370686926242484,1.05687453835602,0.0,0.6666666666666666,-6.152035421603299,123,68,65.07796824700769
143,Temple,Amer,16-16,111.64345178823397,120,110.06556509890956,209,0.5408318822095866,143,16.0,16.0,8.0,10.0,8-10,0.4682499246755204,0.42889619758658143,0.48910714119829163,0.4682499246755204,0.42889619758658143,0.48910714119829163,0.8683882264434774,0.8723282151698519,107.29331018171227,108.47449773937528,107.29331018171227,108.47449773937528,110.19399034475765,108.01282343826558,112.05264433324643,110.47435481470222,0.5406927892039767,1.0,-0.06842518054535629,1296.0,1273.0,1181.125,1.0972589692030903,1.0777860091014921,0.0,0.4444444444444444,-10.328669433115866,213,335,64.88264860999536
144,Central Arkansas,ASun,22-12,109.48455913332899,154,107.94249569406003,156,0.5406913616020947,144,22.0,12.0,15.0,3.0,15-3,0.35664776136196397,0.4721973268905261,0.27672953385642535,0.35664776136196397,0.4721973268905261,0.27672953385642535,0.8720529184799242,0.7502395452587726,109.12468660560278,113.85287215981373,109.12468660560278,113.85287215981373,112.35124529716451,110.94951955463378,98.4143966717224,107.33997803313306,0.2692636520730329,4.0,-0.012069054560769898,1505.0,1343.0,1241.5375000000001,1.212206638945662,1.0817232665143017,0.0,0.8333333333333334,-6.59836785721948,130,212,67.90171974874542
145,Kennesaw St.,CUSA,21-13,110.81120318808638,131,109.28353400220584,191,0.5398266212709834,145,21.063487137085534,13.936512862914464,10.0,10.0,10-10,0.4264869815205064,0.30279154836620015,0.47699750815304587,0.4413121772980326,0.30279154836620015,0.47699750815304587,0.8754216601613576,0.8969540105028955,108.27620262666228,109.38838897800849,108.65159428242183,108.90365537117813,109.40720549292739,109.32335524376344,102.48531934520548,103.52914107854423,0.4708989217908083,1.0,0.014966540423988817,1535.0,1522.0,1394.6499999999996,1.1006345678127132,1.0913132327107162,0.0,0.5,-7.925591758725867,154,134,71.25912084187011
146,Arkansas St.,SB,20-12,109.78452015417298,149,108.31091149171507,166,0.5387736973799162,146,20.0,12.0,11.0,7.0,11-7,0.39688835523748756,0.4629058745305334,0.35138291407116456,0.39688835523748756,0.4629058745305334,0.35138291407116456,0.890190503579492,0.8284779168327889,107.2341388390116,110.2223183249924,107.2341388390116,110.2223183249924,110.46684427653808,110.27744563570849,106.2914361024215,108.61963027415771,0.43802646023340785,2.0,-0.001123826017503382,1496.0,1401.0,1316.1624999999997,1.1366377631941347,1.064458226092903,0.0,0.6111111111111112,-7.326735690476425,142,176,72.14028104052316
147,Loyola Marymount,WCC,15-17,106.43492881966279,213,105.31307042149623,104,0.5304266187633225,147,15.0,17.0,6.0,12.0,6-12,0.5194791674021428,0.3786305224791227,0.6276543045217665,0.5194791674021428,0.3786305224791227,0.6276543045217665,0.8360045758979787,0.9184266169621478,109.89737693175093,108.0377432183447,109.89737693175093,108.0377432183447,108.7504151795305,107.41552879247142,108.17436605838273,111.59468337456124,0.41144783845540095,4.0,-0.045854228335034164,1286.0,1381.0,1236.025,1.0404320300964784,1.1172913169232013,0.0,0.3333333333333333,-10.162932219457591,210,288,67.1870815780671
148,Robert Morris,Horz,22-11,109.85085001731355,147,108.78103057286852,175,0.5281067240727175,148,22.0,11.0,13.0,7.0,13-7,0.38902041026974726,0.380085879334254,0.39146916789969166,0.38902041026974726,0.380085879334254,0.39146916789969166,0.9053797443534038,0.8756045528515444,109.00387685023009,112.65850917759732,109.00387685023009,112.65850917759732,110.76505109649165,111.29358817654608,111.92102752126495,128.64379703997125,0.16778340831490685,1.0,0.03661969935897447,1585.0,1496.0,1359.35,1.1659984551440028,1.1005259866848127,0.0,0.65,-6.720464386697859,133,91,64.53439060891179
149,Penn,Ivy,18-11,106.39804860600069,215,105.39736457877055,106,0.5271409094528281,149,18.035678697094735,11.964321302905264,9.0,5.0,9-5,0.4597512265916653,0.4779122699789078,0.423185295431783,0.47668876116832454,0.4779122699789078,0.423185295431783,0.8551314044536016,0.8520801532382241,108.44117189132024,109.36933997053059,109.24949697986564,108.98003425006128,105.15875008822134,104.81582880054111,107.95913506526297,120.7530879480442,0.21620109463055276,1.0,0.06057226747217592,1037.0,989.0,959.0375,1.0812924416407075,1.0312422611211762,0.0,0.6428571428571429,-6.1075949934236125,122,54,69.00846538721348
150,Eastern Washington,BSky,14-19,113.07811218152054,98,112.02070774245414,243,0.526984648338511,150,14.0,19.0,11.0,7.0,11-7,0.5020337414224205,0.5871484108810482,0.44080872327848053,0.5020337414224205,0.5871484108810482,0.44080872327848053,0.8433052693531363,0.7551497090786773,109.59717287454974,108.86872652212097,109.59717287454974,108.86872652212097,114.63314978336345,109.76456278402499,115.81297398249258,109.86878150993056,0.6470125393447359,2.0,-0.08140081475797806,1414.0,1321.0,1211.0,1.1676300578034682,1.0908340214698595,0.0,0.6111111111111112,-12.146221886039664,245,345,67.79680832198038
151,Bowling Green,MAC,18-14,105.8479814489928,229,104.99120776143768,98,0.523349040003056,151,18.0,14.0,9.0,9.0,9-9,0.3928023230293514,0.30369721224011814,0.4464192014599903,0.3928023230293514,0.30369721224011814,0.4464192014599903,0.9035056636611428,0.9182086784236341,107.7874777306824,111.09828717520043,107.7874777306824,111.09828717520043,107.4945933683125,106.27816694907689,0.0,0.0,0.0,0.0,-0.06260039568945264,1388.0,1343.0,1264.5625000000002,1.0976128107547074,1.062027381011219,0.0,0.5,-9.699276219200918,198,323,68.21761878976946
152,Navy,Pat,26-8,106.61352479007422,211,105.7864109616216,116,0.5223764275300524,152,26.0,8.0,17.0,1.0,17-1,0.2611886183623964,0.2901053773146808,0.21699370329378304,0.2611886183623964,0.2901053773146808,0.21699370329378304,0.9282842604224867,0.8963969199693758,103.63698761755545,114.35974665591698,103.63698761755545,114.35974665591698,107.4853398934478,102.68580180432676,94.78369675764085,93.57845326831175,0.5367258677293554,1.0,0.02143792736052874,1369.0,1124.0,1174.9,1.16520554940846,0.9566771640139585,0.0,0.9444444444444444,-4.282176842403431,92,120,65.13059278753742
153,Rhode Island,A10,16-16,104.02094367099247,263,103.26056490918958,72,0.5210805376900138,153,16.0,16.0,7.0,11.0,7-11,0.5119803804640124,0.40343274771624527,0.5851612943837575,0.5119803804640124,0.40343274771624527,0.5851612943837575,0.851709140509326,0.8848425003509491,108.6830389702189,108.43221383353523,108.6830389702189,108.43221383353523,101.9931516919492,102.34222227847337,0.0,0.0,0.0,0.0,-0.009443129620167023,1198.0,1240.0,1199.3125,0.9989056230131846,1.0339256865912763,0.0,0.3888888888888889,-9.566924707607384,194,205,65.82242185913492
154,Middle Tennessee,CUSA,17-15,109.68893093898697,151,108.90502759854705,182,0.5206085744371198,154,17.0,15.0,11.0,9.0,11-9,0.47717966249870125,0.5009476958701002,0.46523265389903007,0.47717966249870125,0.5009476958701002,0.46523265389903007,0.8473225788637634,0.753922018313493,110.0984877438214,107.720249717742,110.0984877438214,107.720249717742,109.46171311392239,107.81236065536741,110.26329251656934,94.53601830320011,0.8544249503007298,2.0,-0.007912536624648081,1495.0,1462.0,1363.3500000000001,1.0965636116917885,1.0723585286243444,0.0,0.55,-8.773531088525262,174,198,65.54286199893494
155,St. Bonaventure,A10,17-17,112.95539430101583,101,112.27558686120983,251,0.5173481266770426,155,17.0,17.0,4.0,14.0,4-14,0.515008136462319,0.38463591058307744,0.5971470122227428,0.515008136462319,0.38463591058307744,0.5971470122227428,0.8494746491618907,0.8993465410073956,108.65665377609967,107.28280866156342,108.65665377609967,107.28280866156342,113.5678184361426,115.9299966907901,120.35160408113431,111.18960635784617,0.7131181602218023,2.0,-0.006242044712549855,1352.0,1421.0,1222.25,1.1061566782573122,1.1626099406831663,0.0,0.2222222222222222,-10.13677703332576,209,191,67.12932857454629
156,Kent St.,MAC,24-9,110.56656525677425,136,109.94342031554123,201,0.5162434007830022,156,24.239075521357876,9.760924478642124,14.0,4.0,14-4,0.42272788956240087,0.3816226275862734,0.4356448977728725,0.4313477273579049,0.3816226275862734,0.4356448977728725,0.879097947687706,0.8791436853315736,109.25629773099517,111.0756341952983,109.29701037964078,110.79282624465006,111.2067509712567,111.14630744070287,92.26893508361893,103.73249719678618,0.20640367051553302,1.0,0.133504661003771,1466.0,1414.0,1296.8874999999998,1.1303987431446445,1.0903027440699369,0.0,0.7777777777777778,-3.9146300399200733,87,2,70.55685255478618
157,Oregon St.,WCC,17-16,109.37303583021175,157,108.86805689982535,179,0.5133015687958586,157,17.0,16.0,9.0,9.0,9-9,0.5879287081463153,0.49890302671753023,0.6315368482513599,0.5879287081463153,0.49890302671753023,0.6315368482513599,0.8006925428447228,0.8784410933035068,110.47861749102324,105.98801039681084,110.47861749102324,105.98801039681084,109.00185871161229,110.811437738293,111.63434648520922,114.07414622913001,0.4381610834074168,6.0,0.07714650043716154,1261.0,1359.0,1198.7625000000003,1.0519181238986035,1.1336690962555132,0.0,0.5,-7.544078395168098,147,26,65.22191022445251
158,Cornell,Ivy,15-13,119.59184617377895,44,119.06863714787804,343,0.5126029221225575,158,15.0,13.0,8.0,6.0,8-6,0.41220130672555966,0.3764702357800474,0.4252166318866874,0.41220130672555966,0.3764702357800474,0.4252166318866874,0.8772553749787136,0.8559934263325163,107.29573566728438,109.43105908537024,107.29573566728438,109.43105908537024,119.74903956574919,118.70239891531874,138.6946229296548,116.33702793671117,0.8830366865628604,1.0,-0.04377689335572632,1177.0,1135.0,978.0749999999999,1.2033841985532807,1.1604427063364262,0.0,0.5714285714285714,-8.434034859026138,164,281,71.38997383972777
159,Austin Peay,ASun,22-9,108.56325028781981,172,108.09197721137548,160,0.5125049342586188,159,22.0,9.0,15.0,3.0,15-3,0.3290281901431482,0.4199025380626909,0.2738802099260532,0.3290281901431482,0.4199025380626909,0.2738802099260532,0.9126225607078974,0.8424047142041001,107.86299473390767,114.64955178923049,107.86299473390767,114.64955178923049,111.24188391998706,110.1010431753068,0.0,0.0,0.0,0.0,0.04588225802280299,1505.0,1368.0,1263.2,1.191418619379354,1.0829639012032932,0.0,0.8333333333333334,-5.299000014899406,104,78,69.20234995223501
160,Portland St.,BSky,20-11,102.92884295445027,283,102.52840949295523,66,0.5112048117501129,160,20.0,11.0,13.0,5.0,13-5,0.41506810159840823,0.3723125203442878,0.4425235983917227,0.41506810159840823,0.3723125203442878,0.4425235983917227,0.890011576417613,0.8666127898871107,109.45887749365902,111.26224144655114,109.45887749365902,111.26224144655114,104.13880445400542,101.6246007246881,104.78804559855189,101.70777991788418,0.5849464666482428,1.0,0.062233918187242665,1337.0,1251.0,1237.35,1.0805350143451733,1.011031640198812,0.0,0.7222222222222222,-6.308532715235173,128,49,67.77710763179249
161,William & Mary,CAA,20-12,110.31504447966881,139,109.89126005871017,199,0.5110640140929784,161,20.0,12.0,10.0,8.0,10-8,0.40360273948873887,0.4101666772618599,0.3883625943800835,0.40360273948873887,0.4101666772618599,0.3883625943800835,0.8864025498535253,0.8414669321091934,107.41451862626776,110.12403271284262,107.41451862626776,110.12403271284262,111.79133118938724,111.95545886396945,94.99574333474514,98.97286958211939,0.38422404142029903,1.0,0.03007734148526864,1485.0,1421.0,1298.3000000000002,1.1438034352614956,1.0945082030347375,0.0,0.5555555555555556,-7.14396889116184,139,104,72.63122201536079
162,Georgia Tech,ACC,11-20,106.76922662045627,205,106.4668043767073,128,0.5081542264845162,162,11.0,20.0,2.0,16.0,2-16,0.6154384200264523,0.3428067623795814,0.8123390616603036,0.6154384200264523,0.3428067623795814,0.8123390616603036,0.7279251134567585,0.909346551192724,111.79289086812832,105.42889733020219,111.79289086812832,105.42889733020219,108.317279861433,107.28621742557584,111.81525733250484,104.33799494702625,0.6891059951730615,11.0,-0.05633004672991654,1292.0,1486.0,1285.8874999999998,1.0047535262610456,1.1556220898017908,0.0,0.1111111111111111,-9.740788929662713,199,313,70.89689822582282
163,Valparaiso,MVC,18-15,107.46051888671548,191,107.15751459191773,143,0.5081173177621034,163,18.0,15.0,11.0,9.0,11-9,0.49337000376990725,0.3696117964317493,0.5606845278678241,0.49337000376990725,0.3696117964317493,0.5606845278678241,0.8476498934402052,0.8498340857777286,108.44982552132285,108.4158631080285,108.44982552132285,108.4158631080285,110.00473444269578,107.28626804658704,98.37104554340226,121.81077830859243,0.0788695202593232,2.0,0.02876966082737753,1428.0,1437.0,1325.3375,1.0774614013411676,1.084252124458864,0.0,0.55,-8.333881547991933,161,106,65.1017867529338
164,UC Davis,BW,19-14,106.76997407094365,204,106.64218670727462,133,0.503442942580346,164,19.0,14.0,11.0,9.0,11-9,0.4586882987473996,0.4442025254363116,0.4610577577775142,0.4586882987473996,0.4442025254363116,0.4610577577775142,0.8790841242292395,0.8557478057664181,107.45438779134112,108.08442382040838,107.45438779134112,108.08442382040838,107.41413258522053,106.65887676590178,0.0,0.0,0.0,0.0,0.033817370400369584,1525.0,1506.0,1438.575,1.060076812123108,1.0468692977425578,0.0,0.55,-8.510173275635115,166,97,68.859336515858
165,Western Kentucky,CUSA,18-14,108.11334256294347,179,108.00515637550859,158,0.5028783457270152,165,18.0,14.0,11.0,9.0,11-9,0.46313290811484925,0.4209480501925521,0.48249989435974505,0.46313290811484925,0.4209480501925521,0.48249989435974505,0.8736960474182326,0.8470313434029726,109.7498395741858,109.69138859173701,109.7498395741858,109.69138859173701,107.32606024914385,108.44709620862247,107.51896579437644,92.74490344299863,0.845517342051821,2.0,0.021858637957277494,1521.0,1495.0,1392.5375000000001,1.0922506575226878,1.0735797061120436,0.0,0.55,-8.533307342699674,169,118,69.88214066044647
166,Montana,BSky,18-16,107.04049919117305,198,106.93588820808671,140,0.5028110899067069,166,19.0,15.0,10.0,8.0,10-8,0.4399274824541053,0.41005604721767064,0.4434357071632378,0.4399274824541053,0.41005604721767064,0.4434357071632378,0.8669169249251336,0.818082461079928,110.06743619163963,109.69411893207803,110.06743619163963,109.69411893207803,106.65834125514931,106.09484319913639,103.97395078997295,108.92215423147032,0.3694283244000988,3.0,-0.03319864681032236,1339.0,1324.0,1241.6500000000003,1.078403736962912,1.0663230378931259,0.0,0.5555555555555556,-10.062555600524027,207,252,69.48852412765245
167,Harvard,Ivy,17-12,105.16248964167096,240,105.13172281014366,100,0.5008412457649273,167,17.0,12.0,10.0,4.0,10-4,0.39803794922778735,0.359994367586154,0.42685989065303254,0.39803794922778735,0.359994367586154,0.42685989065303254,0.8871345177060925,0.8721102664008324,107.12596601850872,111.15773500690639,107.12596601850872,111.15773500690639,108.11939689411265,104.00965849197999,108.38705477998172,107.63392940261309,0.520035875686085,1.0,-0.0013685350370746807,988.0,915.0,889.45,1.1107988082522906,1.0287256169542975,0.0,0.7142857142857143,-7.6251233118959565,149,177,63.11000795955948
168,Richmond,A10,15-17,110.29283649314955,141,110.39118913055145,213,0.49743740966656586,168,15.0,17.0,5.0,13.0,5-13,0.48283746589376597,0.3073582173565622,0.6212199690761933,0.48283746589376597,0.3073582173565622,0.6212199690761933,0.8597830317018604,0.932612371680549,108.43216834825289,109.04401484034167,108.43216834825289,109.04401484034167,111.46120608423196,112.9482347184823,108.34100114061879,115.5409907954043,0.3230195626433429,2.0,-0.0575293060117027,1310.0,1374.0,1202.4625,1.0894310633387734,1.1426551763568509,0.0,0.2777777777777778,-11.006778527990837,227,318,67.56146939034996
169,Cal St. Northridge,BW,20-14,108.74156139652095,165,108.89895145861911,181,0.4958418947848581,169,20.0,14.0,12.0,8.0,12-8,0.45995157830838973,0.4295162572212233,0.4618011230956392,0.45995157830838973,0.4295162572212233,0.4618011230956392,0.8787638099141288,0.8651514306121081,107.14820790060531,107.74835207673377,107.14820790060531,107.74835207673377,108.21113996261174,107.21832227231923,115.9607141734408,105.36309786171527,0.7506624601508523,1.0,0.05450680078479675,1639.0,1604.0,1530.1374999999996,1.0711455669833596,1.0482718056383824,0.0,0.6,-8.336532758947277,162,60,73.44398625022343
170,Monmouth,CAA,19-15,106.27946131952757,216,106.67957132483575,135,0.48919849855552466,170,19.0,15.0,11.0,7.0,11-7,0.4176052821259684,0.3812840597226156,0.42526662870707393,0.4176052821259684,0.3812840597226156,0.42526662870707393,0.894175276256648,0.888483252804921,106.46280984738992,109.37217206510043,106.46280984738992,109.37217206510043,105.86947818412422,105.5243782349311,104.25324262358627,99.53805761532536,0.6300085296079958,1.0,-0.009332266409952328,1312.0,1267.0,1224.4874999999997,1.0714686756704337,1.0347186067640546,0.0,0.6111111111111112,-10.037234349844258,205,204,66.8889572206445
171,Merrimack,MAAC,23-11,105.95657183111285,228,106.36235611424075,127,0.4890123464044778,171,23.0,11.0,17.0,3.0,17-3,0.3631520073888409,0.510634230826425,0.2818222056419386,0.3631520073888409,0.510634230826425,0.2818222056419386,0.8963635663063367,0.7888949404262494,104.74675032536699,110.43282326071315,104.74675032536699,110.43282326071315,109.75959059273416,106.92713931764715,89.00415515049988,110.6827400193395,0.07538104691354314,2.0,0.06307824528411565,1448.0,1284.0,1283.2875000000001,1.1283519865969238,1.0005552146342889,0.0,0.85,-6.400316652786021,129,48,63.490303196397036
172,Charlotte,Amer,17-17,112.79602118263057,104,113.39929368093632,273,0.4846692767391277,172,17.0,17.0,9.0,9.0,9-9,0.5021733234810656,0.45243707148718426,0.5196790205623576,0.5021733234810656,0.45243707148718426,0.5196790205623576,0.8508107951660352,0.8709029256300679,108.96686472319439,108.2880915457902,108.96686472319439,108.2880915457902,113.56763096273217,114.58701587913441,105.275852261524,111.8462502872309,0.33265026343793086,4.0,0.006847560986581291,1334.0,1372.0,1189.475,1.1215031841778937,1.153450051493306,0.0,0.5,-10.215739262435154,211,154,63.35433108761433
173,FIU,CUSA,15-17,107.6812143136846,188,108.32624407257674,167,0.48283635720112966,173,15.0,17.0,8.0,12.0,8-12,0.44133561230187784,0.36780472720495005,0.4816968035493736,0.44133561230187784,0.36780472720495005,0.4816968035493736,0.866467104097461,0.8268665379792961,109.00457956560392,108.977931345431,109.00457956560392,108.977931345431,107.06445532924036,108.05410152994526,111.32428549082644,113.03211609665519,0.45634086377727556,2.0,-0.08299957093398347,1545.0,1558.0,1442.5125000000003,1.0710479111966098,1.0800599648183289,0.0,0.4,-11.409957886964218,232,349,71.6014088502069
174,Winthrop,BSth,23-11,110.25872179223201,142,110.93730704025424,223,0.4823674077730749,174,23.0,11.0,13.0,3.0,13-3,0.35789036983400885,0.3974384039680635,0.3089092097989982,0.35789036983400885,0.3974384039680635,0.3089092097989982,0.875037993550899,0.8057722377247296,106.59937424517177,110.77329448484424,106.59937424517177,110.77329448484424,108.7023649251812,110.31887685830176,113.8067727519739,104.29216554630362,0.7318475535762128,3.0,0.05380436130663602,1288.0,1192.0,1141.575,1.1282657731642687,1.0441714298228324,0.0,0.8125,-5.697151796398843,114,62,69.90711582058378
175,Massachusetts,MAC,17-16,109.78488539514461,148,110.50184095735156,214,0.4812944469532821,175,17.0,16.0,7.0,11.0,7-11,0.4133020183775342,0.3537000620006813,0.4298512424291359,0.4133020183775342,0.3537000620006813,0.4298512424291359,0.9012849841720646,0.9224049055800709,107.51479703357813,110.6713676356651,107.51479703357813,110.6713676356651,110.33263821898261,113.59272388534764,0.0,0.0,0.0,0.0,-0.06315660710509252,1429.0,1458.0,1289.5875,1.1081062742931362,1.1305940853179794,0.0,0.3888888888888889,-11.48241140353497,233,324,70.15759814626932
176,Towson,CAA,19-15,104.02334674622804,262,104.76616507689802,94,0.4795543287474541,176,19.0,15.0,9.0,9.0,9-9,0.4333953199139587,0.45497833882554733,0.41405554016876533,0.4333953199139587,0.45497833882554733,0.41405554016876533,0.8630840873843828,0.7915854100515343,108.50155518195282,109.56329808330335,108.50155518195282,109.56329808330335,101.91855917990631,105.57131515503558,94.34971272211952,103.0736488797635,0.26561046937373095,3.0,0.00783551700513263,1203.0,1194.0,1158.6249999999998,1.038299708706441,1.0305318804617545,0.0,0.5,-9.033041126718064,178,151,63.389175824619855
177,Oakland,Horz,16-16,113.6907400611577,92,114.9049712637455,298,0.46949538587070977,177,16.0,16.0,12.0,8.0,12-8,0.4908105517485369,0.6697872793869144,0.3972016529512306,0.4908105517485369,0.6697872793869144,0.3972016529512306,0.8042175905168509,0.5867547772556393,111.31884121355432,109.11525320243786,111.31884121355432,109.11525320243786,113.42040743794482,115.46581008077506,115.43174202456304,108.18157684692873,0.678303306887235,5.0,0.0184886567118151,1662.0,1606.0,1407.6000000000001,1.1807331628303495,1.140949133276499,0.0,0.6,-8.402987368119412,163,130,69.98307776955482
178,Fordham,A10,17-15,103.04682189238015,281,104.15831971648686,88,0.46919439980117217,178,17.0,15.0,8.0,10.0,8-10,0.41963436523452413,0.1423823428191534,0.6019237061050667,0.41963436523452413,0.1423823428191534,0.6019237061050667,0.8702748243222586,0.9804969754653303,107.5764408456733,109.50365542825058,107.5764408456733,109.50365542825058,104.39066442274422,104.12597444681525,101.37621990076582,110.03199788057142,0.2804509858827948,2.0,-0.03906697078520771,1192.0,1232.0,1167.3125,1.0211490067998072,1.0554157519944316,0.0,0.4444444444444444,-9.515610193547184,192,268,64.18454211733355
179,Texas A&M Corpus Chris,Slnd,18-15,103.99852954224866,264,105.1362711546372,101,0.4687591135245834,179,18.0,15.0,13.0,9.0,13-9,0.41710778065408977,0.4280575089953229,0.39810200119602346,0.41710778065408977,0.4280575089953229,0.39810200119602346,0.8616418460189625,0.7680396016656958,108.09317575719734,108.68741148702404,108.09317575719734,108.68741148702404,104.63146674735427,105.08192461337238,85.68189996602646,90.12494080829838,0.3586136489987612,2.0,-0.007695320993547861,1538.0,1487.0,1457.7624999999998,1.0550415448332635,1.0200564220852164,0.0,0.5909090909090909,-9.058795318579916,179,197,65.90719994551316
180,Northern Kentucky,Horz,20-14,108.80837508158339,164,110.05003326647498,208,0.4674241541835258,180,20.0,14.0,10.0,10.0,10-10,0.37441473588637025,0.2895929565637971,0.3974042677236917,0.37441473588637025,0.2895929565637971,0.3974042677236917,0.9056477807818355,0.8943564567905855,109.85325011962696,113.50108554062962,109.85325011962696,113.50108554062962,108.23168315332887,109.5137959972127,100.02635373196274,115.54587158634045,0.15993791785665748,1.0,-0.007414554936546969,1625.0,1560.0,1436.1499999999999,1.131497406259792,1.0862375100094002,0.0,0.5,-9.657925911855735,196,195,69.99582335220921
181,Green Bay,Horz,18-15,112.94567409704544,102,114.24134549612347,292,0.46725373151019456,181,18.0,15.0,12.0,8.0,12-8,0.4290115847516228,0.5006986163385438,0.397420939361321,0.4290115847516228,0.5006986163385438,0.397420939361321,0.8811373376046183,0.8055419400842666,109.77060843426855,111.38829046699524,109.77060843426855,111.38829046699524,113.59563553857394,112.93133719149591,100.14509742478111,108.65220043315826,0.2813820943774677,2.0,0.0066241739712482595,1526.0,1482.0,1308.0749999999998,1.1665997744777632,1.1329625594862682,0.0,0.6,-9.741425027479858,200,156,62.94532550713227
182,UT Arlington,WAC,18-14,101.25601730619464,303,102.49275093526897,65,0.4651542542366201,182,18.0,14.0,9.0,9.0,9-9,0.4737429962693608,0.4621178388456553,0.47760003532398865,0.4737429962693608,0.4621178388456553,0.47760003532398865,0.8636542975611775,0.8432297865585431,108.25812674364924,107.8650255706332,108.25812674364924,107.8650255706332,102.58801369122487,104.47000111518713,89.20036579417169,99.25923239049843,0.22639631137305663,2.0,0.0719328253409659,1234.0,1233.0,1210.3125,1.0195713916860314,1.0187451587916343,0.0,0.5,-8.094591017161633,156,35,64.80275943809976
183,Utah Tech,WAC,19-15,111.13678591599407,124,112.61405830835378,263,0.4621089531271325,183,19.0,15.0,11.0,7.0,11-7,0.4568544662717513,0.42336422707122656,0.4780627730376654,0.4568544662717513,0.42336422707122656,0.4780627730376654,0.8433916165014503,0.7929533324590441,106.76514730065723,106.2251802398143,106.76514730065723,106.2251802398143,112.68315122621782,112.37013193487779,108.05845539190288,106.11826414617146,0.5519020827805373,3.0,0.04745317239142588,1362.0,1353.0,1242.425,1.0962432339980281,1.0889993359760146,0.0,0.6111111111111112,-8.17766432353131,158,73,66.43505893051058
184,South Alabama,SB,21-12,107.35160055227968,196,108.85397935503426,177,0.46012834353776494,184,21.0,12.0,11.0,7.0,11-7,0.3669013931877402,0.32379493698938033,0.36949473212518325,0.3669013931877402,0.32379493698938033,0.36949473212518325,0.9092097813031199,0.9237607364895688,106.23534253144933,111.37476676259236,106.23534253144933,111.37476676259236,105.3239216903573,108.14054824915812,113.1299545965397,101.90941085909076,0.768739690420037,1.0,0.0421180569474322,1323.0,1272.0,1213.225,1.0904819798471017,1.0484452595355356,0.0,0.6111111111111112,-7.503301510356968,146,82,64.56797731315234
185,Appalachian St.,SB,19-13,105.25791054698426,237,106.8607367794492,137,0.4566596465853232,185,19.0,13.0,11.0,7.0,11-7,0.35493961350304626,0.35342798737397474,0.35397831291248555,0.35493961350304626,0.35342798737397474,0.35397831291248555,0.9123194023204183,0.8874845089346604,106.82089896606821,111.94035826249232,106.82089896606821,111.94035826249232,106.03021037347224,104.97840450477553,102.98225779727618,98.94649535692264,0.6129526986142974,1.0,-0.007130437001410805,1269.0,1164.0,1150.375,1.1031185482994676,1.0118439639248071,0.0,0.6111111111111112,-9.173942022357222,183,194,62.97631394984885
186,Louisiana Tech,CUSA,20-14,103.23610634552335,277,104.88122431405861,96,0.45467146828125227,186,20.0,14.0,11.0,9.0,11-9,0.41294226072672574,0.27237439817459375,0.4770265883708036,0.41294226072672574,0.27237439817459375,0.4770265883708036,0.9004876730593497,0.9242108168634943,108.14612289907083,110.29287918148817,108.14612289907083,110.29287918148817,103.15957977512565,106.03238777274755,0.0,0.0,0.0,0.0,0.03952085543143202,1380.0,1394.0,1323.5000000000002,1.0426898375519453,1.0532678503966753,0.0,0.55,-9.264216070277072,185,85,63.92670842777501
187,Campbell,CAA,16-18,110.30451915813956,140,112.1723873349202,246,0.45187256969748046,187,16.0,18.0,8.0,10.0,8-10,0.47105806259598415,0.5250814430612833,0.4293196113422729,0.47105806259598415,0.5250814430612833,0.4293196113422729,0.8390012633264032,0.7432651486592156,108.76638850974814,108.10486093275041,108.76638850974814,108.10486093275041,111.99855912546131,112.53802695629507,102.15751559193185,109.30603945827872,0.3147918134559694,4.0,-0.018624663197162883,1395.0,1375.0,1238.9624999999999,1.125942068464542,1.109799529848563,0.0,0.4444444444444444,-10.980898558892246,226,223,69.83074611211089
188,Detroit Mercy,Horz,17-15,108.68137972524416,169,110.52547814328459,216,0.45177680280701,188,17.0,15.0,12.0,8.0,12-8,0.4243694777091139,0.473926653465764,0.3989352098816191,0.4243694777091139,0.473926653465764,0.3989352098816191,0.8784896505088009,0.7846170976803881,109.45971552810293,111.30281977980995,109.45971552810293,111.30281977980995,109.87452269019994,111.84416974082346,96.09509533355263,105.44930768776621,0.2557343653864957,1.0,0.00017878997886988657,1584.0,1568.0,1391.1375,1.1386365474297113,1.1271351681627444,0.0,0.6,-9.808567435397867,203,173,68.80409365361989
189,Portland,WCC,15-19,106.20506067764364,221,108.0297072480179,159,0.4511818415883407,189,15.0,19.0,6.0,12.0,6-12,0.5558131156299109,0.4449504758527857,0.6443395321448087,0.5558131156299109,0.4449504758527857,0.6443395321448087,0.8054279542594021,0.8689539210463659,111.234276267258,106.5812023178581,111.234276267258,106.5812023178581,107.84799696285948,108.70011152131215,115.20362360039053,109.99384342640263,0.6299921840532533,6.0,0.022802891692399796,1252.0,1386.0,1222.8875,1.023806359947256,1.1333830789831443,0.0,0.3333333333333333,-10.502162848867487,217,114,68.4831409726089
190,New Mexico St.,CUSA,16-16,108.10331583191311,180,109.97510357078811,204,0.4508056607356285,190,16.0,16.0,8.0,12.0,8-12,0.43775588354326617,0.35165954555261464,0.4692740566448806,0.43775588354326617,0.35165954555261464,0.4692740566448806,0.8979014118128743,0.9104059087946166,108.31079003976964,108.9550035267357,108.31079003976964,108.9550035267357,109.74122885619991,112.38262090397299,0.0,0.0,0.0,0.0,-0.023232407828419066,1508.0,1528.0,1368.675,1.101795532175279,1.1164082050158,0.0,0.4,-11.391036385899127,231,236,66.5908410988282
191,Siena,MAAC,23-11,107.0043460265305,200,108.85900733346853,178,0.45075591426010686,191,23.01522147502823,11.98477852497177,13.0,7.0,13-7,0.29414380918140676,0.3231612154333235,0.2693648555448229,0.31378296265947175,0.3231612154333235,0.2693648555448229,0.9100006192915694,0.8959558199972542,102.60660192854152,112.03724506030665,103.33472728876245,111.42705020582008,109.25213909953602,111.65468018868452,91.499311931371,106.33047442904318,0.15090309245351197,1.0,0.017450633551637673,1448.0,1327.0,1282.1625000000001,1.1293420295789338,1.0349702163337329,0.0,0.65,-7.838196826774267,152,131,64.6214966963043
192,Youngstown St.,Horz,15-17,106.20600708972103,220,108.15743446509333,164,0.4478446467291449,192,15.0,17.0,8.0,12.0,8-12,0.38434387173250406,0.3373764556089178,0.39932002161013513,0.38434387173250406,0.3373764556089178,0.39932002161013513,0.9011516260119055,0.8822443210365002,109.21530988519926,112.70097017598519,109.21530988519926,112.70097017598519,107.03302010180985,110.05079470955351,138.86806091593448,110.07895267167214,0.9353391839835269,1.0,-0.09923246693440912,1531.0,1515.0,1372.5375000000001,1.1154522189739806,1.103794978279282,0.0,0.4,-12.628433300684256,253,356,67.24717441596559
193,Charleston,CAA,21-11,106.6705241303152,208,108.63961073969597,173,0.44760581627096135,193,21.0,11.0,14.0,4.0,14-4,0.42662230519254496,0.43812181173131076,0.41537643795488743,0.42662230519254496,0.43812181173131076,0.41537643795488743,0.8928554819725302,0.8729838939128597,108.05043737825612,110.9092435548785,108.05043737825612,110.9092435548785,107.3985196086274,105.97131944695306,121.88074741183438,108.62508431073223,0.7898660778081602,1.0,0.12255745777782334,1377.0,1299.0,1251.2250000000001,1.100521488940838,1.0381825810705507,0.0,0.7777777777777778,-6.27352314071471,126,5,67.71500737490372
194,Furman,SC,22-12,106.80300738712354,202,108.93854831575794,184,0.4433257522527387,194,22.038629113702,12.961370886297999,10.0,8.0,10-8,0.31740974251569265,0.3635549854578221,0.2796362164465199,0.3355399976132864,0.3635549854578221,0.2796362164465199,0.9150370919919305,0.9080432559082537,107.16463242570144,114.38245272421487,107.6603595928779,113.77325919738752,104.4160145941974,107.66299381846858,0.0,0.0,0.0,0.0,0.006342917218534971,1335.0,1265.0,1199.7875000000001,1.1126970401008511,1.0543533750768364,0.0,0.5555555555555556,-8.765217610576567,173,158,65.83352560890422
195,Missouri St.,CUSA,16-18,109.29018983616453,159,111.49016375375096,231,0.4429515242997914,195,16.0,18.0,8.0,12.0,8-12,0.43620321779242854,0.3465660818477205,0.4724482516802485,0.43620321779242854,0.3465660818477205,0.4724482516802485,0.8919508210292847,0.8991202730581499,108.15336256067961,108.94456979946416,108.15336256067961,108.94456979946416,110.65244593758601,110.52850532526725,0.0,0.0,0.0,0.0,-0.05239815335184905,1514.0,1499.0,1366.4250000000002,1.1080008050203998,1.0970232541120075,0.0,0.4,-12.901403530891374,260,305,65.25563285429081
196,East Tennessee St.,SC,23-11,107.73544692591776,186,109.9603530761998,203,0.441500639809585,196,23.0,11.0,13.0,5.0,13-5,0.3128006254063847,0.35912286628348805,0.2798347144392293,0.3128006254063847,0.35912286628348805,0.2798347144392293,0.9230940149078297,0.8818723543032237,106.31889547222524,114.27159007433501,106.31889547222524,114.27159007433501,107.75513878198541,108.63168165308511,109.24785615648894,109.28974341758432,0.49889789507776194,1.0,0.031162771530478972,1404.0,1259.0,1206.025,1.1641549719118591,1.0439252917642667,0.0,0.7222222222222222,-7.464477413794435,144,101,66.01006107517415
197,Cal St. Fullerton,BW,18-16,107.4494467308088,192,109.69762877766368,195,0.44074632420255816,197,18.0,16.0,12.0,8.0,12-8,0.4927283185478081,0.5229116929618277,0.46719113083067876,0.4927283185478081,0.5229116929618277,0.46719113083067876,0.8581438382400003,0.8056977716353254,108.7244391685601,107.74314996091633,108.7244391685601,107.74314996091633,108.17026213407762,109.99112227977278,91.7336164392616,122.21986964092405,0.0355805770009517,1.0,0.07354830898660164,1599.0,1573.0,1480.1624999999997,1.0802867928352464,1.0627211539273562,0.0,0.6,-9.474864478894554,190,31,72.84798725890461
198,Queens,ASun,21-13,114.56573036176238,84,117.01678529750652,316,0.43943887571248275,198,21.02842614674407,13.971573853255927,13.0,5.0,13-5,0.3827249040401545,0.5200283529610785,0.27578535494608636,0.39933335461081854,0.5200283529610785,0.27578535494608636,0.8416493353344044,0.7189546571277324,108.61726903499981,113.17190085230509,109.34195819073497,112.78796312746054,114.18394030374624,116.04027394913265,109.97484388735579,122.87923888990095,0.21824383781405052,4.0,0.049218006545532544,1554.0,1424.0,1264.5625,1.228883507141798,1.1260811545494984,0.0,0.7222222222222222,-7.012707653472234,136,70,69.49718692396263
199,Howard,MEAC,24-10,104.39672050150767,254,106.64101331007251,132,0.43915207320126526,199,24.015621387460822,10.984378612539176,11.0,3.0,11-3,0.22476136089469043,0.34479658400127233,0.08353684218234707,0.2463434841566987,0.34479658400127233,0.08353684218234707,0.9020317202036515,0.8634644965035301,101.31111526265406,113.99197890189403,102.15826919635589,113.24679712751222,104.2148997796965,105.23614906182532,101.35365037348294,111.20398000060617,0.25604482601912076,2.0,-0.035412019026676345,1131.0,886.0,983.2875,1.1502231036192365,0.9010589476628148,0.0,0.7857142857142857,-6.879413780924467,135,258,69.07047769477877
200,UMBC,AE,24-9,107.86260375906292,183,110.18918147089133,211,0.43895218637426503,200,24.0,9.0,14.0,2.0,14-2,0.22705493612391914,0.3270089800155135,0.1469853786519552,0.22705493612391914,0.3270089800155135,0.1469853786519552,0.9318158710370733,0.8640888643589946,101.04444022807151,114.31148675552772,101.04444022807151,114.31148675552772,107.33136249310527,107.57237621991518,105.04577721433536,116.69275727601296,0.22984177756215038,1.0,-0.010432645085131864,1213.0,1015.0,1051.8125000000002,1.153247370610256,0.965000891318557,0.0,0.875,-5.1533730322811895,101,206,66.03104704021895
201,New Orleans,Slnd,15-18,108.56404304180846,171,110.95437261587767,224,0.43771121028856613,201,15.0,18.0,12.0,10.0,12-10,0.4873431083533548,0.7311504634444299,0.4008640294220879,0.4873431083533548,0.7311504634444299,0.4008640294220879,0.8226050586163914,0.6072749040332682,107.94633850998687,107.57405977040897,107.94633850998687,107.57405977040897,110.32251605881592,112.79212416710975,105.45102435081347,99.52634265052507,0.6603779650881578,3.0,0.002763783352504212,1694.0,1676.0,1536.1375000000003,1.1027658656858514,1.0910481646336996,0.0,0.5454545454545454,-10.584987652385369,218,165,69.74810926156229
202,Jacksonville St.,CUSA,15-17,105.28729514611749,236,107.75590377584189,154,0.43376132143639,202,15.0,17.0,10.0,10.0,10-10,0.40583428494327045,0.2696001724477988,0.4785144780729035,0.40583428494327045,0.2696001724477988,0.4785144780729035,0.9073510615085303,0.9411346335522173,107.74387387552545,110.06144894932507,107.74387387552545,110.06144894932507,107.91302839165178,107.10979131315892,0.0,0.0,0.0,0.0,-0.07314850933765493,1441.0,1424.0,1333.6750000000002,1.080473128760755,1.0677263951112526,0.0,0.5,-12.807888398202582,259,339,65.0882211062049
203,Tulane,Amer,18-15,107.40947946454223,193,109.95404297847406,202,0.43308839745565514,203,18.0,15.0,8.0,10.0,8-10,0.5020171652826773,0.40736771605143657,0.5667554493633147,0.5020171652826773,0.40736771605143657,0.5667554493633147,0.8693085842628363,0.9028747408842749,108.17144543071979,107.25703777777166,108.17144543071979,107.25703777777166,106.47869837676615,108.40128593917086,110.62220478437997,113.81965882476243,0.41880380225446107,2.0,0.08717216200734629,1294.0,1372.0,1246.675,1.0379609761966833,1.100527402891692,0.0,0.4444444444444444,-9.113688994470692,182,18,66.8439944174075
204,Drexel,CAA,17-16,102.5069986805033,286,105.05743445287098,99,0.42981024889852704,204,17.0,16.0,10.0,8.0,10-8,0.38773160221502245,0.3290396715101655,0.43303800760893074,0.38773160221502245,0.3290396715101655,0.43303800760893074,0.9104804064007951,0.9238959570200028,105.83072854990318,110.38988785664478,105.83072854990318,110.38988785664478,101.40989636825218,101.85602894537966,0.0,0.0,0.0,0.0,-0.04200489424270615,1174.0,1169.0,1150.8,1.0201598887730274,1.0158150851581509,0.0,0.5555555555555556,-11.851079304307605,240,277,64.18486828710996
205,Weber St.,BSky,16-16,110.95792433804084,127,113.73274879400353,280,0.42946024965524493,205,16.0,16.0,10.0,8.0,10-8,0.43556794155405726,0.40660119225747293,0.45140966586070697,0.43556794155405726,0.40660119225747293,0.45140966586070697,0.8774783080047412,0.8494755714901514,108.04607155491651,109.89290435521052,108.04607155491651,109.89290435521052,111.97176981261832,114.41872002339412,112.61034666652961,100.97613388594336,0.778003292979848,1.0,-0.011996537538284113,1433.0,1428.0,1259.4125000000001,1.1378321241054856,1.1338620189969528,0.0,0.5555555555555556,-10.710879522202061,220,211,68.52516442217792
206,Indiana St.,MVC,11-21,105.77046342163979,231,108.63077410139255,172,0.4238814924079607,206,11.0,21.0,4.0,16.0,4-16,0.4835058767993367,0.3259584363015467,0.5689263970440595,0.4835058767993367,0.3259584363015467,0.5689263970440595,0.8501717421009924,0.8669247171669507,108.19629114095414,107.13039779670558,108.19629114095414,107.13039779670558,107.41669303027327,110.49189724105736,105.98202438053873,104.51876510566102,0.5398858299012351,1.0,-0.11431583612708346,1463.0,1561.0,1401.5500000000002,1.0438443152224322,1.1137669009311117,0.0,0.2,-14.721799691910984,291,361,68.20632839920735
207,Columbia,Ivy,16-12,107.69559680764141,187,110.75898283354825,219,0.4200544495978408,207,16.0,12.0,5.0,9.0,5-9,0.386259793736021,0.33436661011049823,0.43815297736154385,0.386259793736021,0.33436661011049823,0.43815297736154385,0.8871110661980336,0.8762724606314117,107.66666304171099,110.87468303486308,107.66666304171099,110.87468303486308,106.45414460209065,114.73298889775364,109.31610130742551,115.86691676082596,0.33865729397550964,1.0,0.021415430462782603,1008.0,1067.0,936.4625000000001,1.0763912062682701,1.1393942629843692,0.0,0.35714285714285715,-7.85337119787767,153,122,66.81625928400263
208,James Madison,SB,18-15,109.01070709978819,162,112.22606158778929,248,0.4171959352545449,208,18.0,15.0,9.0,9.0,9-9,0.3851269580317948,0.40172476134223106,0.380274413652594,0.3851269580317948,0.40172476134223106,0.380274413652594,0.8958492638355746,0.8523751229133705,106.29851842895908,110.80792775684068,106.29851842895908,110.80792775684068,106.95428082226161,110.74547548074817,118.26584378717192,121.4939191271671,0.4231914073253189,1.0,0.0011607455906100794,1320.0,1289.0,1205.1750000000002,1.0952766195780694,1.0695542141182814,0.0,0.5,-10.394530437430756,214,170,65.95725167993339
209,Mercer,SC,19-13,110.57338720696471,135,113.89985902896429,285,0.4156000442658124,209,19.0,13.0,11.0,7.0,11-7,0.34027083339314235,0.4167492579436829,0.28265301908803564,0.34027083339314235,0.4167492579436829,0.28265301908803564,0.8913396424045839,0.8095866888273934,107.77424217808345,113.2951109624413,107.77424217808345,113.2951109624413,111.93781875000428,115.63891800310132,103.09920415562999,98.76080571977195,0.6211411785727178,3.0,-0.0007626396614971442,1485.0,1384.0,1235.3000000000002,1.2021371326803203,1.1203756172589652,0.0,0.6111111111111112,-8.537728312886513,170,174,68.93650314706254
210,Marist,MAAC,19-12,99.41103235190243,330,102.4485511643409,64,0.4143229439790206,210,19.0,12.0,12.0,8.0,12-8,0.29879408109604294,0.3088322160877325,0.28045616512518334,0.29879408109604294,0.3088322160877325,0.28045616512518334,0.9395591702830878,0.9230638695423227,103.52005257544766,112.42915265970743,103.52005257544766,112.42915265970743,98.21684064344474,102.30292569512505,0.0,0.0,0.0,0.0,-0.02130817033821586,1360.0,1275.0,1324.9,1.0264925654766397,0.9623367801343496,0.0,0.6,-9.318536550427032,186,229,66.21952799813151
211,Rice,Amer,13-18,108.8961512064914,163,112.41075381369924,255,0.4096780192082136,211,13.0,18.0,7.0,11.0,7-11,0.46998132046543567,0.3992913506380104,0.5210351875630207,0.46998132046543567,0.3992913506380104,0.5210351875630207,0.86123400997715,0.8686841109298322,108.66571419035623,108.31060586370049,108.66571419035623,108.31060586370049,110.36903104047343,113.4380572590149,114.91132571519564,114.5116477769142,0.5100157495830637,1.0,-0.04700022260222064,1301.0,1372.0,1196.1124999999997,1.0876903301319902,1.147049295112291,0.0,0.3888888888888889,-12.30201200346239,246,292,65.60305847482991
212,San Jose St.,MWC,9-24,112.71955164840088,106,116.40544216363921,311,0.40853411589041644,212,9.0,24.0,3.0,17.0,3-17,0.6335686365653868,0.5048859033834638,0.6857056830063609,0.6335686365653868,0.5048859033834638,0.6857056830063609,0.7621242112252271,0.8202783771462966,112.65446979904723,105.55121837056036,112.65446979904723,105.55121837056036,111.96458179348883,118.19589463898483,111.4058800390231,113.83405286019142,0.4383260644516622,5.0,-0.04608912678131538,1382.0,1612.0,1305.4875,1.0586083742663182,1.2347877708518848,0.0,0.15,-13.943899517478819,281,289,64.98971480429496
213,Marshall,SB,19-13,111.87102465520019,115,115.59877103219699,305,0.40686155908168026,213,19.0,13.0,11.0,7.0,11-7,0.40282179432879783,0.44549693263594126,0.3745043749351439,0.40282179432879783,0.44549693263594126,0.3745043749351439,0.8962224973319467,0.8568756908269146,107.37626948031408,110.75287641165461,107.37626948031408,110.75287641165461,113.92056961275802,116.94929988521267,115.88180574069804,122.81646109194556,0.3388589102070632,1.0,0.07060818860042506,1468.0,1422.0,1259.1374999999998,1.1658774359432549,1.1293444917651965,0.0,0.6111111111111112,-8.525354517565788,168,37,69.3929440769918
214,San Diego,WCC,12-21,108.4380904338938,175,112.1931424065087,247,0.403359085441308,214,12.0,21.0,5.0,13.0,5-13,0.5282383406302877,0.3969428223504157,0.6145988643116399,0.5282383406302877,0.3969428223504157,0.6145988643116399,0.8233365851953854,0.8867688219593745,109.57561065424771,106.39389896395403,109.57561065424771,106.39389896395403,109.48807004303622,111.3539947989375,104.90123425208319,111.2277481360748,0.3377254447784926,5.0,-0.04399476357715726,1341.0,1459.0,1270.9875000000002,1.0550851208214085,1.1479263171352982,0.0,0.2777777777777778,-13.42641554889554,271,283,68.12840464577958
215,Drake,MVC,14-20,109.41239039321977,156,113.20192804114333,269,0.40334082024906787,215,14.0,20.0,6.0,14.0,6-14,0.5058001902604029,0.3441373341665324,0.570939211119488,0.5058001902604029,0.3441373341665324,0.570939211119488,0.8643056216307107,0.9262628337223813,108.41068414446043,107.36505687772585,108.41068414446043,107.36505687772585,107.58248333054038,113.95850491451738,0.0,0.0,0.0,0.0,-0.017229221762336377,1444.0,1577.0,1378.1625,1.047771942713577,1.1442772532266696,0.0,0.3,-13.666941424371513,274,220,67.07084176860376
216,La Salle,A10,9-23,105.82289467399761,230,109.60271620947267,194,0.4004487773742239,216,9.0,23.0,5.0,13.0,5-13,0.583105950992953,0.5258971638696054,0.6280766207319823,0.583105950992953,0.5258971638696054,0.6280766207319823,0.8066509800494328,0.8022761899191847,110.43333526747996,105.70310198125074,110.43333526747996,105.70310198125074,107.15034958304359,108.75554704083638,95.4752826067175,105.2460781210457,0.2459206113257201,3.0,-0.05911577160432668,1206.0,1341.0,1191.5625,1.0121164437450827,1.1254130605822188,0.0,0.2777777777777778,-14.929369585245114,297,320,65.74961344726341
217,Cal Poly,BW,14-19,109.29112862313652,158,113.28111741639577,271,0.3983467136204229,217,14.0,19.0,10.0,10.0,10-10,0.48991572369274206,0.5111838482465416,0.47134497693101707,0.48991572369274206,0.5111838482465416,0.47134497693101707,0.853898167086591,0.7984922184892075,107.84735390229416,106.86777048858599,107.84735390229416,106.86777048858599,110.42963792743626,115.48085880346382,125.50077067578368,114.34756404680269,0.7446533435236932,1.0,-0.0022349508150847353,1661.0,1689.0,1509.1125000000002,1.1006469033952073,1.1192008548070471,0.0,0.5,-12.546287044512805,251,181,74.08927252608859
218,Tennessee St.,OVC,23-9,107.68015943960955,189,111.71816934663153,237,0.3957127499633965,218,23.022685314732513,9.977314685267487,15.0,5.0,15-5,0.27160621406800545,0.39773047672188266,0.20885461776262834,0.2926413866883671,0.39773047672188266,0.20885461776262834,0.8995989748156854,0.8205186575451805,102.61590498356989,111.73224723001509,103.31748092814809,111.09099248976764,109.12654775480296,115.6682120120455,86.17508662049241,100.52101410753929,0.1454384742558034,1.0,0.07456018322066504,1621.0,1474.0,1411.7375000000002,1.1482304606911695,1.0441034540769796,0.0,0.75,-5.655196020900847,112,27,70.12670223227565
219,Southern Miss,SB,19-16,104.58948684991552,251,108.66263665362031,174,0.39189416372228447,219,19.0,16.0,9.0,9.0,9-9,0.39946696152565314,0.4217862278962858,0.372820162786313,0.39946696152565314,0.4217862278962858,0.372820162786313,0.8937962216583452,0.8446132871751829,106.92007840691855,110.0775277822746,106.92007840691855,110.0775277822746,100.50689522231107,107.44290867115761,102.57880994078101,99.50382785414425,0.5866189277800204,1.0,0.034448130337670135,1318.0,1326.0,1275.8249999999998,1.0330570415221525,1.0393274939744872,0.0,0.5,-10.955284758099323,224,96,69.08410757507052
220,Buffalo,MAC,17-15,111.06010185488914,126,115.55683906115746,304,0.3878291258627844,220,17.0,15.0,7.0,11.0,7-11,0.3976577368375522,0.30287228732187005,0.44529943673870975,0.3976577368375522,0.30287228732187005,0.44529943673870975,0.8972267961952012,0.9311572816946142,106.98325739889017,110.49916089356353,106.98325739889017,110.49916089356353,112.77395550206838,116.4031146753216,0.0,0.0,0.0,0.0,0.014035759234357403,1414.0,1436.0,1242.3999999999999,1.138119768190599,1.1558274307791372,0.0,0.3888888888888889,-10.467450906859575,215,141,66.46321797169308
221,Quinnipiac,MAAC,19-13,103.5638140269088,270,107.8692583623298,155,0.3849909142221537,221,19.0,13.0,12.0,8.0,12-8,0.3403146710023803,0.4568627076262772,0.27251283704804385,0.3403146710023803,0.4568627076262772,0.27251283704804385,0.8968081407868498,0.8000947782461004,103.94444357290344,110.77880597382223,103.94444357290344,110.77880597382223,102.38710703962145,107.77805615646204,117.09343383740931,114.1667132296758,0.572263651987435,2.0,0.020330056422023124,1473.0,1397.0,1382.3999999999999,1.0655381944444446,1.0105613425925928,0.0,0.6,-8.680490709437132,172,127,70.08538149566886
222,Western Carolina,SC,15-16,109.22511501570418,160,113.84200672477967,283,0.38317197130875297,222,15.0,16.0,10.0,8.0,10-8,0.37209706357159245,0.5024140679688613,0.2861863076778153,0.37209706357159245,0.5024140679688613,0.2861863076778153,0.8636047850291815,0.716555287508833,108.30478098208305,112.3757131119372,108.30478098208305,112.3757131119372,111.89156675723217,115.48076436705797,101.31119045089366,114.17703319449157,0.2018353127027309,4.0,-0.05674374140594973,1438.0,1360.0,1209.3875,1.1890316379158872,1.1245361805045941,0.0,0.5555555555555556,-10.751777819114901,222,315,67.8885419641647
223,South Dakota St.,Sum,14-18,107.378919513288,195,111.91973336540386,240,0.3831243742616046,223,14.0,18.0,7.0,9.0,7-9,0.4030928794218541,0.44140124308916595,0.35213346441541155,0.4030928794218541,0.44140124308916595,0.35213346441541155,0.8753029831783141,0.8287369089373132,107.68316761768287,109.91817288853096,107.68316761768287,109.91817288853096,107.80430179258894,113.81702400980762,112.13180113724972,106.36987164377152,0.6471773617024313,1.0,-0.07264656863418906,1225.0,1186.0,1078.8625000000002,1.135455166900323,1.0993059819949251,0.0,0.4375,-12.802943823794923,258,338,66.99545334708293
224,Bethune Cookman,SWAC,17-15,104.08520640525524,260,108.48898098940305,169,0.38306814565844094,224,17.0,15.0,14.0,4.0,14-4,0.3821271171763542,0.6315829654221338,0.20841327000524323,0.3821271171763542,0.6315829654221338,0.20841327000524323,0.832754600230857,0.6367079206208562,106.20516309814408,110.02407017563097,106.20516309814408,110.02407017563097,104.30441313400463,106.67761332247409,100.1706880838579,113.89266604563865,0.18597482577301064,6.0,-0.004488737612095561,1420.0,1278.0,1302.975,1.089813695581266,0.9808323260231394,0.0,0.7777777777777778,-8.512845260764157,167,185,68.98727183619684
225,Tarleton St.,WAC,14-18,103.23548329868615,278,107.6665755636932,152,0.38147188715061453,225,14.0,18.0,5.0,13.0,5-13,0.4437726089801582,0.38815885977504283,0.49129179971890047,0.4437726089801582,0.38815885977504283,0.49129179971890047,0.8537188786941475,0.8179367790688488,107.30675852554505,106.73093782039125,107.30675852554505,106.73093782039125,102.69427252677984,108.07040602230796,108.84914732703265,108.83491977128033,0.5003758126691458,3.0,-0.03919120602697279,1259.0,1344.0,1261.175,0.9982754177651794,1.0656728844133447,0.0,0.2777777777777778,-11.90703161391874,242,269,69.50300011870587
226,Ohio,MAC,15-17,108.1714674231049,178,113.08471509160054,266,0.37500005389242325,226,15.0,17.0,9.0,9.0,9-9,0.4414217095905545,0.44058058510477327,0.43787242771683804,0.4414217095905545,0.44058058510477327,0.43787242771683804,0.8711994948688043,0.8354166693389049,108.51557928388888,109.45567009058293,108.51557928388888,109.45567009058293,107.62645065718505,112.39981138089588,111.78891905239041,115.93243779933387,0.39686516533463784,2.0,0.0006378539626116231,1401.0,1424.0,1276.375,1.097639800215454,1.1156595828028597,0.0,0.5,-11.600350172258718,234,172,68.85860091612302
227,Stony Brook,CAA,17-15,105.08832430411837,241,110.11350649094905,210,0.36884590122101885,227,17.0,15.0,9.0,9.0,9-9,0.3967728855521009,0.3523992784176466,0.4257593970596944,0.3967728855521009,0.3523992784176466,0.4257593970596944,0.9047302538120976,0.9063131315654884,106.05250790403147,109.57860873438396,106.05250790403147,109.57860873438396,105.19197005946327,109.70794475569105,0.0,0.0,0.0,0.0,0.03169370972024388,1277.0,1302.0,1203.9499999999998,1.060675277212509,1.0814402591469747,0.0,0.5,-10.72865984807673,221,100,66.15915617865254
228,Texas St.,SB,19-13,104.41658672530076,253,109.47071374997927,193,0.3673533230882886,228,19.0,13.0,11.0,7.0,11-7,0.3420418366005272,0.2782278952307777,0.3853601094114272,0.3420418366005272,0.2782278952307777,0.3853601094114272,0.9290314265652656,0.9403901955553048,105.22413940956234,111.40342812473006,105.22413940956234,111.40342812473006,104.65446703763467,110.74974210544592,0.0,0.0,0.0,0.0,0.0393194277707678,1316.0,1326.0,1226.1749999999997,1.0732562643994539,1.0814117071380516,0.0,0.6111111111111112,-9.743977286170306,201,86,66.14585493655918
229,Georgia Southern,SB,21-16,109.97122216956467,145,115.71120789426416,307,0.35775854531064544,229,21.0,16.0,8.0,10.0,8-10,0.35643558214886323,0.3061062722890285,0.36461201922490244,0.35643558214886323,0.3061062722890285,0.36461201922490244,0.9230609001264719,0.9146684414342142,105.67188699144465,110.968956126674,105.67188699144465,110.968956126674,107.72391694481085,115.96559613393482,95.13011084461245,103.65199563122854,0.2715790556721182,1.0,0.04680198057807439,1419.0,1453.0,1290.3500000000001,1.0997016313403338,1.1260510714147323,0.0,0.4444444444444444,-11.986050670751075,243,75,70.09566135744417
230,Coastal Carolina,SB,19-13,101.70414901206894,297,107.28762073499203,146,0.3510061499214592,230,19.0,13.0,11.0,7.0,11-7,0.37844478683613936,0.40720170225111507,0.35882513911501435,0.37844478683613936,0.40720170225111507,0.35882513911501435,0.9088567007115925,0.8738803128180138,106.51203736646482,111.37230196354223,106.51203736646482,111.37230196354223,102.77167466791302,107.28204091820716,98.13525733251723,120.71589135683782,0.08458888716290784,1.0,0.10505230890231448,1286.0,1287.0,1223.7,1.0509111710386532,1.0517283647952929,0.0,0.6111111111111112,-8.9484100809689,177,10,67.0766412465886
231,Samford,SC,18-14,107.64953245320822,190,113.72346207607453,279,0.3472335567336215,231,18.0,14.0,11.0,7.0,11-7,0.34708272533347295,0.41856412291439615,0.2901104366613076,0.34708272533347295,0.41856412291439615,0.2901104366613076,0.9005313790628097,0.836479885935788,107.48381469547354,113.54121588305266,107.48381469547354,113.54121588305266,108.73191764656728,113.8264534656265,102.91516602475629,97.07799235278105,0.6618364135191679,2.0,0.028494300607266432,1440.0,1337.0,1226.2875000000001,1.1742760160239747,1.0902826621000377,0.0,0.6111111111111112,-9.800989531591407,202,108,67.33037407790955
232,Denver,Sum,15-17,114.89005511916201,79,121.37506551898834,353,0.3471788505280981,232,15.0,17.0,8.0,8.0,8-8,0.42261848873414326,0.5022053270347386,0.35654899898615083,0.42261848873414326,0.5022053270347386,0.35654899898615083,0.853046950239728,0.7742508899704609,108.7878667296376,110.01701143085337,108.7878667296376,110.01701143085337,116.32626775832173,120.90216063157376,111.1753158677698,112.1365574203377,0.47526928258885415,2.0,0.0017593331146507074,1321.0,1288.0,1101.05,1.1997638617683122,1.1697924708233052,0.0,0.5,-10.96183721126121,225,167,68.02654826460413
233,Lipscomb,ASun,19-13,104.90537985397445,245,110.93319618963217,222,0.34468209958663004,233,19.0,13.0,12.0,6.0,12-6,0.36249703991031984,0.46182279286484296,0.29215247617370566,0.36249703991031984,0.46182279286484296,0.29215247617370566,0.868604148729746,0.7556385701644082,109.10171789659191,113.20052615799798,109.10171789659191,113.20052615799798,106.17813381019859,112.50845507970595,104.6939830737569,108.04694890871934,0.410347682754774,3.0,0.07849406821547067,1434.0,1362.0,1247.2,1.1497754971135343,1.09204618345093,0.0,0.6666666666666666,-7.819192577411515,151,25,69.44500995807998
234,Old Dominion,SB,12-21,106.13692862610317,222,112.31705051654035,252,0.34279804807203296,234,12.0,21.0,7.0,11.0,7-11,0.4212966105833456,0.520852419051635,0.37067982450422404,0.4212966105833456,0.520852419051635,0.37067982450422404,0.8760937989978955,0.7953993229507323,107.81457260888565,111.00977006278129,107.81457260888565,111.00977006278129,106.16210010198819,111.55021077952084,125.96929974879079,119.07067933392398,0.6564899649327601,1.0,-0.0826378455883433,1393.0,1398.0,1287.0749999999998,1.0822990113241266,1.0861837888234953,0.0,0.3888888888888889,-15.485994918679712,311,348,68.88313222829852
235,LIU,NEC,24-10,103.50818050222406,271,109.744797606566,197,0.3378633335812459,235,24.01145384328,10.98854615672,15.0,3.0,15-3,0.3021593939400323,0.5255352977681682,0.16660185121118917,0.32146332854459875,0.5255352977681682,0.16660185121118917,0.8822495979033197,0.784973589909735,103.93814533341606,112.6545394448949,104.59222282819088,112.04327847994864,101.40651873257458,108.43444582378521,103.39634436323804,102.78681234421586,0.5169920264223116,2.0,0.13251969637241545,1301.0,1161.0,1192.2375,1.091225531825664,0.9737992639889285,0.0,0.8333333333333334,-5.808728102824284,116,3,67.82764614593202
236,Eastern Michigan,MAC,10-21,101.49984560202421,301,107.6176855965557,151,0.3378100275060775,236,10.0,21.0,4.0,14.0,4-14,0.4713213610271615,0.4893158460003132,0.4583253441021075,0.4713213610271615,0.4893158460003132,0.4583253441021075,0.8447798896974754,0.7880799853926272,109.24505486387662,109.51397778791492,109.24505486387662,109.51397778791492,101.94909717917301,109.06375388066094,105.32257952876914,89.88409288502172,0.8609052020593899,2.0,-0.07807452554327976,1276.0,1364.0,1243.075,1.0264867365203225,1.0972789252458621,0.0,0.2222222222222222,-14.73924743779045,292,343,66.46806616663045
237,Florida Gulf Coast,ASun,16-18,105.07139308179731,242,111.4194784793107,229,0.3374643991239667,237,16.0,18.0,8.0,10.0,8-10,0.35551601739329036,0.4331999954125122,0.30231900374866505,0.35551601739329036,0.4331999954125122,0.30231900374866505,0.8958651458772318,0.8214980743526806,108.10477409933334,113.11786354446869,108.10477409933334,113.11786354446869,103.66170635116262,113.37347627368848,108.91743574053102,112.45034024152746,0.4092423939262405,3.0,-0.053855446648377936,1341.0,1368.0,1229.7749999999999,1.0904433737878882,1.1123986095017382,0.0,0.4444444444444444,-13.423699151897829,270,307,67.60308234940045
238,Nebraska Omaha,Sum,16-17,105.98521939786164,226,112.58921526923243,261,0.3328923410162061,238,16.0,17.0,8.0,8.0,8-8,0.3826154900159491,0.39927107402979556,0.358307345675544,0.3826154900159491,0.39927107402979556,0.358307345675544,0.8978954115268327,0.8742333063281769,108.00029779351269,111.1121102328433,108.00029779351269,111.1121102328433,107.41676358870129,112.54847846418512,0.0,0.0,0.0,0.0,-0.0019527299327620207,1222.0,1223.0,1103.15,1.10773693514028,1.1086434301772197,0.0,0.5,-12.363593032824895,247,179,67.1036177799445
239,Long Beach St.,BW,10-22,104.08130404586257,261,110.76231760305456,220,0.32839262613271886,239,10.0,22.0,6.0,14.0,6-14,0.48473553197333097,0.4955932269126602,0.4782209150097335,0.48473553197333097,0.4955932269126602,0.4782209150097335,0.8524133280169713,0.7977021787723362,108.1335083677465,107.08574227912757,108.1335083677465,107.08574227912757,104.03243902715985,109.37782963727088,85.10442043915755,103.5410695310763,0.09491666966592256,2.0,-0.06980898994569823,1498.0,1558.0,1453.5875,1.0305537162365526,1.0718309011325426,0.0,0.3,-15.80019056132327,313,336,68.41204977067449
240,Radford,BSth,16-16,106.23758163889858,219,113.13591350442829,267,0.3266254958679218,240,16.0,16.0,9.0,7.0,9-7,0.3271212142485352,0.3311976062289178,0.3280044081384252,0.3271212142485352,0.3311976062289178,0.3280044081384252,0.9011505888022412,0.8675463283650314,105.30900835878981,112.72637615985244,105.30900835878981,112.72637615985244,108.0557490216816,111.96991679848959,98.69880651721866,98.45445574067611,0.5071260426194476,2.0,-0.06237735742049977,1282.0,1251.0,1160.55,1.1046486579638966,1.0779371849554091,0.0,0.5625,-11.85390909037699,241,321,70.664843678784
241,Saint Peter's,MAAC,17-12,103.0409872401058,282,109.74611600286413,198,0.32629456870241613,241,17.0,12.0,14.0,6.0,14-6,0.3275816766518407,0.4155046849650178,0.2935853993672508,0.3275816766518407,0.4155046849650178,0.2935853993672508,0.9086523907199352,0.8160214356551017,103.8217875441761,111.44312842120277,103.8217875441761,111.44312842120277,104.7034044721039,107.0987972986868,98.02646196598329,112.56975722975315,0.16926296884710892,2.0,0.04665333400643268,1412.0,1312.0,1308.875,1.0787890363862096,1.002387546557158,0.0,0.7,-8.448381404396038,165,76,65.45614017990592
242,Central Michigan,MAC,10-21,106.4184456853163,214,113.46624904759322,274,0.3235609606057548,242,10.0,21.0,6.0,12.0,6-12,0.4284580024391726,0.435868813234781,0.4231057501978997,0.4284580024391726,0.435868813234781,0.4231057501978997,0.8628846992209247,0.8221921752853033,107.79756278016932,109.34935430364013,107.79756278016932,109.34935430364013,105.66979828511575,110.7686470890792,104.97603795563325,122.34225837310538,0.14672277262027628,2.0,-0.11140482421865167,1326.0,1360.0,1244.85,1.0651885769369804,1.0925011045507491,0.0,0.3333333333333333,-15.458844077336561,310,359,67.04982449523811
243,Iona,MAAC,18-14,103.86950967820917,265,110.85314682461446,221,0.32118842043359097,243,18.0,14.0,10.0,10.0,10-10,0.3256455766230609,0.44045748197457596,0.26734787078584116,0.3256455766230609,0.44045748197457596,0.26734787078584116,0.9177292798307839,0.8536717947290405,103.76595794255718,111.93912616090111,103.76595794255718,111.93912616090111,100.599172793503,110.30983405352124,105.79626680234396,102.03749170441277,0.6025284684180996,1.0,0.03036052293877589,1386.0,1387.0,1345.1749999999997,1.0303492110691919,1.031092608768376,0.0,0.5,-10.480275195339429,216,102,69.12536156722567
244,Southern,SWAC,17-17,106.13046655324723,223,113.30297319003085,272,0.32037326926342197,244,17.0,17.0,11.0,7.0,11-7,0.35889535084027135,0.562376731726979,0.23004340925542474,0.35889535084027135,0.562376731726979,0.23004340925542474,0.8551734248118478,0.6816901510426856,106.0140630535942,109.68521024210617,106.0140630535942,109.68521024210617,105.55117534282759,112.52496703841257,106.65444744605169,111.36434163819298,0.3782577125497126,5.0,-0.006906836465098154,1405.0,1346.0,1292.1374999999998,1.0873455804819534,1.0416848052161634,0.0,0.6111111111111112,-10.945840944573893,223,193,69.80798458160928
245,Nicholls St.,Slnd,14-19,104.75849531971953,250,111.88050419929252,239,0.3194288612788596,245,14.0,19.0,12.0,10.0,12-10,0.4562434886928628,0.5735905934079457,0.4114245025798897,0.4562434886928628,0.5735905934079457,0.4114245025798897,0.8588029072375896,0.7550073069124484,107.45557338125671,108.5343207764309,107.45557338125671,108.5343207764309,106.0922369433336,110.99907999998425,84.2919519020115,95.7283629894762,0.18798987035706766,1.0,0.03266656398815382,1581.0,1612.0,1491.2125,1.0602110698508762,1.0809995222008935,0.0,0.5454545454545454,-12.784492967174089,256,98,68.23569423092546
246,American,Pat,16-16,105.02367436815612,243,112.2516789656397,250,0.31747210903730644,246,16.0,16.0,9.0,9.0,9-9,0.32458937845596,0.43808309924393796,0.23931792227206966,0.32458937845596,0.43808309924393796,0.23931792227206966,0.8946254709012262,0.8061482015624352,105.40526965345998,112.38381181088077,105.40526965345998,112.38381181088077,103.65698189447961,111.36134996263807,116.46213585978957,128.80902783025064,0.23888648795664874,2.0,-0.05074066341206551,1282.0,1233.0,1169.4875000000002,1.0962066717258627,1.0543079767847026,0.0,0.5,-11.676613843097945,238,303,66.74072790301908
247,Boston University,Pat,17-17,111.48043289874931,121,119.21463850634245,346,0.31618079492030504,247,17.0,17.0,10.0,8.0,10-8,0.2948216427622108,0.35106093558117435,0.23945949207467107,0.2948216427622108,0.35106093558117435,0.23945949207467107,0.9325969547923258,0.9033582538477313,103.65153733278979,112.69243972121909,103.65153733278979,112.69243972121909,111.87369943910758,116.73825900055891,91.1050179657239,117.2585091863322,0.05204328480914486,1.0,-0.050264987710836095,1388.0,1311.0,1185.5750000000003,1.1707399363178201,1.1057925479197854,0.0,0.5555555555555556,-13.779425530456441,277,301,63.126098313419774
248,UC Riverside,BW,10-22,103.47550645582834,272,110.66300033118806,217,0.31598651196936667,248,10.0,22.0,5.0,15.0,5-15,0.4852156859933239,0.4948345078473388,0.479444392880915,0.4852156859933239,0.4948345078473388,0.479444392880915,0.8427176345686858,0.7723552861195349,108.66186072928625,107.60916348548592,108.66186072928625,107.60916348548592,102.72613453907658,111.11635858299715,99.43486808770803,107.69785399929572,0.28536386298318156,3.0,-0.05745091010221848,1443.0,1554.0,1420.7375000000002,1.0156696786000228,1.093798115415409,0.0,0.25,-15.399069807062741,307,317,68.45624280900519
249,Southeast Missouri St.,OVC,20-13,100.98179395127715,309,108.09572042960917,161,0.31369859513986736,249,20.0,13.0,14.0,6.0,14-6,0.28251206414675034,0.4059788055236984,0.21692150581303618,0.28251206414675034,0.4059788055236984,0.21692150581303618,0.9137589995265342,0.8140224714280865,103.55794682312398,112.1156803241118,103.55794682312398,112.1156803241118,101.45262743142423,108.34192235144708,110.26616342486071,109.75549725811118,0.5133424982451568,3.0,0.022871513030301327,1468.0,1367.0,1382.9375,1.0615085641975868,0.9884756180232296,0.0,0.7,-9.340198333444373,187,113,68.9242271851205
250,Charleston Southern,BSth,15-17,104.76018534130495,249,112.14441139898514,245,0.3136076214921243,250,15.0,17.0,6.0,10.0,6-10,0.3200692864099001,0.29907319998197995,0.32960948481243046,0.3200692864099001,0.29907319998197995,0.32960948481243046,0.9175191399170677,0.9067420870182411,105.0940169055053,112.09728152571745,105.0940169055053,112.09728152571745,104.61376808036736,114.35172224130957,99.08053198353394,108.99555173056675,0.25033955943221237,1.0,-0.06337377054930604,1314.0,1334.0,1219.4999999999998,1.0774907749077494,1.0938909389093894,0.0,0.375,-13.365526581264628,268,326,71.56710250346075
251,Lamar,Slnd,12-19,102.65922047326782,285,109.91603012351536,200,0.3131421531073503,251,12.0,19.0,7.0,15.0,7-15,0.4024288325500839,0.3790608899981191,0.4119884454122513,0.4024288325500839,0.3790608899981191,0.4119884454122513,0.8819238161433647,0.8455907641909972,106.50541020978064,109.39293474973486,106.50541020978064,109.39293474973486,102.93097623954887,110.30467483784354,112.69198345648577,110.2054949196063,0.5637960280193628,2.0,-0.06652908050832479,1486.0,1525.0,1426.1,1.042002664609775,1.0693499754575415,0.0,0.3181818181818182,-14.12394312311555,283,331,65.36340419229616
252,Colgate,Pat,18-15,107.16385592747943,197,114.74140464476147,296,0.3130922748294068,252,18.0,15.0,11.0,7.0,11-7,0.3323991776282805,0.47949273751097893,0.23979816619122019,0.3323991776282805,0.47949273751097893,0.23979816619122019,0.8763191382137306,0.7506221795365632,106.61629878500484,112.12980049151425,106.61629878500484,112.12980049151425,105.79554267662962,116.42372552518117,114.25924112477118,104.4178177568188,0.7380388392401345,3.0,0.01463099473514573,1382.0,1348.0,1231.4750000000001,1.1222314703911975,1.0946223025233965,0.0,0.6111111111111112,-10.070451348777974,208,137,66.85533841787124
253,Pepperdine,WCC,9-23,105.67443989602708,233,113.16969199247274,268,0.31258935857876397,253,9.0,23.0,4.0,14.0,4-14,0.5379784156955937,0.38304182831128275,0.6546990941563364,0.5379784156955937,0.38304182831128275,0.6546990941563364,0.8032466870254614,0.890593415297505,110.35224932229055,105.99673049503339,110.35224932229055,105.99673049503339,106.38918809146699,114.92378023652572,96.67202258041664,105.67669045778482,0.2642113629504609,6.0,-0.05513742578031361,1276.0,1509.0,1274.3374999999999,1.0013045994487333,1.184144702639607,0.0,0.2222222222222222,-15.095937771646103,301,310,68.3783664332595
254,Abilene Christian,WAC,14-19,99.75671615128721,326,106.88346614112808,139,0.31140591743374046,254,14.0,19.0,5.0,13.0,5-13,0.45249055908598934,0.38896235068262563,0.5017831697440838,0.45249055908598934,0.38896235068262563,0.5017831697440838,0.8520984519004715,0.8237853828521275,108.19735202342972,107.46990588043346,108.19735202342972,107.46990588043346,99.2134113171845,107.98191801238751,103.56717075712032,102.48390707593289,0.5301927333045154,2.0,0.020975796728991525,1221.0,1325.0,1253.525,0.9740531700604295,1.0570192058395325,0.0,0.2777777777777778,-12.717708311437402,254,124,67.43042056097879
255,Princeton,Ivy,9-20,104.79704844751019,248,112.36313227255289,253,0.3096688053585239,255,9.0,20.0,5.0,9.0,5-9,0.45136938755208883,0.44923718129010193,0.45365389426136066,0.45136938755208883,0.44923718129010193,0.45365389426136066,0.8714571658134337,0.850747771010493,108.27600026508979,109.39891874908885,108.27600026508979,109.39891874908885,108.12703654163954,114.42688764967113,99.12054077602767,93.88968908488536,0.6510108289953462,1.0,-0.07995438926324555,962.0,1004.0,881.0125,1.0919254834636285,1.1395979058185894,0.0,0.35714285714285715,-15.016821457501889,300,344,63.85081688959424
256,UNC Asheville,BSth,15-17,103.655234864666,267,111.28423765564995,227,0.30646486655818844,256,15.0,17.0,8.0,8.0,8-8,0.3732691439026947,0.40554302014573596,0.3304910382541188,0.3732691439026947,0.40554302014573596,0.3304910382541188,0.901635690148524,0.8749165573093737,107.16456217874106,111.17132335251458,107.16456217874106,111.17132335251458,104.44721267554308,113.18487259363924,101.88455190070133,94.48323618279373,0.7041848026162272,1.0,-0.012865743461128565,1161.0,1158.0,1069.3125,1.085744345081536,1.082938804138173,0.0,0.5,-12.72692895454686,255,216,64.79009263351847
257,East Carolina,Amer,11-20,103.56515939152027,269,111.19278792809774,226,0.3063493535527936,257,11.0,20.0,6.0,12.0,6-12,0.4789576321524852,0.4098396260776612,0.5288761920954136,0.4789576321524852,0.4098396260776612,0.5288761920954136,0.8477713004399132,0.8457344772124284,109.26160544693332,109.40415828691151,109.26160544693332,109.40415828691151,106.85515087925695,112.13934386282052,92.04408767716902,106.89515843341158,0.151848008585364,3.0,-0.03256281937226391,1345.0,1410.0,1259.5,1.0678840809845176,1.1194918618499405,0.0,0.3333333333333333,-13.852948895889094,280,251,68.62820292210961
258,Fairfield,MAAC,21-13,105.18137488820004,239,113.03117083704706,264,0.3041231529750148,258,21.0,13.0,11.0,9.0,11-9,0.2879830693324168,0.294555288582616,0.28199409966832284,0.2879830693324168,0.294555288582616,0.28199409966832284,0.9368794837711911,0.9173898762450841,102.53699148702154,112.09605311346851,102.53699148702154,112.09605311346851,105.03138244835338,114.7105736826629,102.63126566252066,114.74259449821822,0.21707228809959392,1.0,0.06377874195290634,1439.0,1427.0,1328.7500000000002,1.082972718720602,1.0739416745061146,0.0,0.55,-9.982462673875899,204,47,67.04495500621255
259,Idaho St.,BSky,13-20,108.69441378106882,167,116.83932084952497,314,0.3034375715012394,259,13.0,20.0,5.0,13.0,5-13,0.44996716762594663,0.4436248357241379,0.46517338415247955,0.44996716762594663,0.4436248357241379,0.46517338415247955,0.867157294434717,0.8207525538182523,108.81465774476561,109.05484254821125,108.81465774476561,109.05484254821125,107.57068534711158,119.9458464703136,97.64895637651436,97.90658421133342,0.4924254379409852,2.0,-0.005643002547821907,1325.0,1451.0,1217.7624999999998,1.088061095656994,1.1915295470175837,0.0,0.2777777777777778,-14.152478654471372,284,190,65.22443399837296
260,Vermont,AE,22-12,104.57241376955463,252,112.41772881926313,256,0.30323682202339214,260,22.0,12.0,12.0,4.0,12-4,0.26029450218868294,0.36918699192530086,0.16365604676020595,0.26029450218868294,0.36918699192530086,0.16365604676020595,0.9491369860412633,0.9238141572587455,102.64605418070013,113.70287499090617,102.64605418070013,113.70287499090617,101.98498636971115,112.13990343915751,0.0,0.0,0.0,0.0,0.05871211161347889,1135.0,1031.0,1029.2499999999998,1.1027447170269615,1.0017002671848436,0.0,0.75,-9.49190291219114,191,55,64.68943450794005
261,SIU Edwardsville,OVC,19-13,98.75393268148386,337,106.26058959500804,125,0.30100277610454035,261,19.0,13.0,12.0,8.0,12-8,0.22623541124195298,0.2481270245356276,0.21817537648125382,0.22623541124195298,0.2481270245356276,0.21817537648125382,0.9441741071796635,0.9057688827142368,101.86858982684262,113.34288286346757,101.86858982684262,113.34288286346757,98.56922320615955,104.96376119197798,117.29589074583899,116.62493855274442,0.5164867194636783,1.0,-0.03162677808938508,1339.0,1266.0,1309.6874999999995,1.0223812932474354,0.9666428060128851,0.0,0.6,-10.633220003026102,219,250,64.40858786852694
262,Southern Utah,WAC,10-22,106.24944088319714,217,114.3899539873024,294,0.2996483973503035,262,10.0,22.0,6.0,12.0,6-12,0.4844905160935095,0.4568035599977819,0.5055608879597924,0.4844905160935095,0.4568035599977819,0.5055608879597924,0.8475988465476412,0.803159736397932,107.92456804491452,106.02197025936589,107.92456804491452,106.02197025936589,109.75674719391425,114.53909888976817,97.80563829982822,118.52226805881818,0.09891272055503646,3.0,-0.04247857316942105,1369.0,1422.0,1278.2375000000002,1.0710059750242031,1.1124693181040297,0.0,0.3333333333333333,-15.577539118174734,312,279,70.36284813398886
263,Tennessee Martin,OVC,22-11,97.8801552201238,342,105.44455011896615,107,0.29815981447873613,263,22.0,11.0,13.0,7.0,13-7,0.2698547660441711,0.3630671419433031,0.21845638044262694,0.2698547660441711,0.3630671419433031,0.21845638044262694,0.9331859315029597,0.8740159469208191,102.2857840244292,111.88751742291977,102.2857840244292,111.88751742291977,97.54772926661862,104.30040914413121,104.604347805599,102.33754841002832,0.5626557627324273,1.0,0.0851564478742074,1347.0,1234.0,1307.6125000000002,1.0301216912502746,0.9437046525633548,0.0,0.65,-7.9702235299018245,155,19,64.29221682046875
264,Elon,CAA,14-18,107.92162635548472,182,116.30091100417398,309,0.297356159332881,264,14.0,18.0,6.0,12.0,6-12,0.40132619103239664,0.3622099281942981,0.423480279483076,0.40132619103239664,0.3622099281942981,0.423480279483076,0.890205454997509,0.8733773859976994,107.48206554627721,110.71766999197624,107.48206554627721,110.71766999197624,105.94126238067054,117.92274676173025,121.68429841265018,109.5351494017677,0.77023196642972,2.0,0.0014207605185755368,1322.0,1413.0,1226.6375,1.0777430169874962,1.1519295635426114,0.0,0.3333333333333333,-13.272524296943834,266,169,66.8196182354699
265,Purdue Fort Wayne,Horz,17-15,104.8414715773375,247,113.2544285622494,270,0.2915938431827757,265,17.0,15.0,11.0,9.0,11-9,0.4268435878296594,0.43850647637730256,0.4146780399687948,0.4268435878296594,0.43850647637730256,0.4146780399687948,0.8652406428453351,0.7825773742154538,110.41926350356512,111.44051206033149,110.41926350356512,111.44051206033149,104.441744024962,113.6727321789763,101.0341827747847,114.29854485901475,0.19488401285871185,3.0,0.11968312331192899,1507.0,1566.0,1379.95,1.0920685532084495,1.1348237254973006,0.0,0.55,-9.3407320967597,188,6,67.70063277661872
266,Sacramento St.,BSky,10-21,105.34743807624551,235,113.95763059775126,288,0.2883372552927589,266,10.0,21.0,6.0,12.0,6-12,0.4822799189057309,0.4981272378173538,0.46683243177251504,0.4822799189057309,0.4981272378173538,0.46683243177251504,0.8483178422429832,0.7796814975734168,110.2354666688184,108.58106371396539,110.2354666688184,108.58106371396539,108.14222803731012,116.56114907688935,105.13017519724526,110.57766731380666,0.3587103024075076,2.0,-0.03510727233310801,1444.0,1520.0,1308.8500000000001,1.103258585781411,1.1613248271383274,0.0,0.3333333333333333,-14.778277617116553,293,256,71.64725679389342
267,UTEP,CUSA,11-20,101.14749923431984,306,109.43448242679838,192,0.28790489922117424,267,11.0,20.0,7.0,13.0,7-13,0.4572824311269395,0.415413122158806,0.4803105510594129,0.4572824311269395,0.415413122158806,0.4803105510594129,0.8763734795104595,0.8548748476749816,108.73255892489001,108.39038665671114,108.73255892489001,108.39038665671114,101.19079851735047,110.44152289244691,84.90724522172945,93.21133967167471,0.254820737779589,1.0,-0.024582975670282836,1353.0,1461.0,1328.5500000000002,1.0184035226374617,1.0996951563734898,0.0,0.35,-14.797114508357105,294,239,65.22648668998846
268,North Dakota,Sum,18-17,106.5593088855751,212,115.386601333984,301,0.285927752387825,268,18.0,17.0,10.0,6.0,10-6,0.3943413738057651,0.3967928915419687,0.36410432656379826,0.3943413738057651,0.3967928915419687,0.36410432656379826,0.8760796775406129,0.8345117814678796,107.59911680557119,110.99777144348893,107.59911680557119,110.99777144348893,111.74360985825237,119.6174074976383,101.70523662381198,99.93144864921948,0.5504119020258379,2.0,0.06151036930274245,1275.0,1298.0,1105.7,1.1531156733291128,1.1739169756715202,0.0,0.625,-11.382911838057797,230,51,67.31147479997203
269,Wofford,SC,19-13,107.96809988710291,181,116.96337836871311,315,0.28489915772768826,269,19.0,13.0,11.0,7.0,11-7,0.30973222079844887,0.3325294942093112,0.29694540553203747,0.30973222079844887,0.3325294942093112,0.29694540553203747,0.9205429531136405,0.8844699137949524,107.16018320848234,115.37933616340663,107.16018320848234,115.37933616340663,111.44066759034573,119.7633553227283,92.92805699750483,111.65176768808074,0.10803893889305494,1.0,0.07288875002315998,1468.0,1439.0,1235.5,1.1881829218939701,1.1647106434641845,0.0,0.6111111111111112,-9.531202751743885,193,33,67.81867652300257
270,Longwood,BSth,16-16,102.89174442115207,284,111.67666118428694,236,0.2804564060697212,270,16.0,16.0,8.0,8.0,8-8,0.2922611398912778,0.24710571774424175,0.33370661520479605,0.2922611398912778,0.24710571774424175,0.33370661520479605,0.9273601520328045,0.9256281948170162,103.81703580381667,112.8854435348881,103.81703580381667,112.8854435348881,104.52263815191701,109.37542919988776,0.0,0.0,0.0,0.0,-0.04806707215510864,1239.0,1189.0,1140.2250000000001,1.0866276392817207,1.0427766449604243,0.0,0.5,-12.784639486818005,257,296,68.52064263123036
271,Lindenwood,OVC,18-15,100.05783821941549,321,108.62876318716648,171,0.27985922654475304,271,18.0,15.0,11.0,9.0,11-9,0.2709935674881905,0.36954949004374077,0.22026734327184533,0.2709935674881905,0.36954949004374077,0.22026734327184533,0.9087666432388337,0.7999085489676115,102.74905390919292,111.95406804526564,102.74905390919292,111.95406804526564,101.3371229345069,111.08523607275488,89.55948900369681,103.7329920361463,0.1558354279004125,3.0,-0.023875752454264876,1522.0,1489.0,1451.725,1.0484079284988548,1.0256763505484854,0.0,0.55,-11.217481644259275,228,237,72.3906809176665
272,Milwaukee,Horz,12-20,105.97750464175155,227,115.12362990749372,300,0.27848940702094316,272,12.0,20.0,8.0,12.0,8-12,0.45784035473222584,0.527729768313656,0.4159753849819869,0.45784035473222584,0.527729768313656,0.4159753849819869,0.843482562200756,0.7191113274061497,110.53587650542843,110.98090154779851,110.53587650542843,110.98090154779851,105.80368548688668,114.52821736139431,106.36779902131335,104.49082352232149,0.5510073952713929,3.0,0.011224225001177923,1506.0,1552.0,1361.8625000000002,1.1058385115971692,1.139615783531744,0.0,0.4,-13.627293304776131,273,145,67.61482777141882
273,Incarnate Word,Slnd,12-19,108.57139903068952,170,117.94358794932312,330,0.27844622747772896,273,12.0,19.0,7.0,15.0,7-15,0.4084582796779524,0.3922047688456274,0.41510744320026716,0.4084582796779524,0.3922047688456274,0.41510744320026716,0.8715348231330974,0.8115930024378173,106.8797861553262,108.72290347273027,106.8797861553262,108.72290347273027,106.91305946333017,117.34569527347047,108.17748483144975,97.76350567911543,0.7620681804367413,2.0,-0.04478891657090173,1525.0,1626.0,1430.8250000000003,1.0658186710464241,1.1364073174567118,0.0,0.3181818181818182,-13.754060802741925,276,286,65.44751978043882
274,Delaware,CUSA,10-21,105.68042143148222,232,114.89212218702346,297,0.2766578745875495,274,11.0,20.0,6.0,14.0,6-14,0.44076120290523635,0.345916887485882,0.4929255763858814,0.44076120290523635,0.345916887485882,0.4929255763858814,0.8826163855897942,0.8801403335520135,107.52029360783631,109.55820241151228,107.52029360783631,109.55820241151228,105.73632810206571,114.89045232309522,127.58556374364764,113.47374710743387,0.7937993154226917,1.0,-0.05667848561826139,1346.0,1483.0,1281.4625,1.05036237892252,1.1572714769257781,0.0,0.3,-16.06191261041843,315,314,63.1299926476612
275,Dartmouth,Ivy,11-16,104.37418573101854,255,113.5047503208049,275,0.2759948030794437,275,11.0,16.0,5.0,9.0,5-9,0.40485036630385307,0.34716823814741804,0.45841234244911416,0.40485036630385307,0.34716823814741804,0.45841234244911416,0.8757834960249774,0.857739698915953,108.00748785562192,110.24468052789308,108.00748785562192,110.24468052789308,106.10260075531349,114.26531147328845,111.46915693466818,111.03909501247064,0.5111117316152411,1.0,-0.012207030741500813,1027.0,1113.0,966.3249999999999,1.0627894341965696,1.1517864072646367,0.0,0.35714285714285715,-11.648056468474968,237,213,69.51381364343477
276,Loyola Chicago,A10,9-24,103.08321549996145,279,112.23855356024609,249,0.2731826387727315,276,9.0,24.0,4.0,14.0,4-14,0.5666214211888412,0.4408591021983928,0.6554855840304018,0.5666214211888412,0.4408591021983928,0.6554855840304018,0.8190569481413039,0.8688164840882473,109.95283618614144,107.22563363318272,109.95283618614144,107.22563363318272,102.39952810679712,109.12249159494257,122.39484113389847,110.32079633868285,0.7675248200641878,3.0,-0.008756218300507157,1168.0,1371.0,1209.6625000000001,0.9655585752224276,1.1333739782790653,0.0,0.2222222222222222,-16.114637714108323,316,201,65.7388248177995
277,South Dakota,Sum,16-16,104.25199789136033,259,113.78415458894298,281,0.26773185010161027,277,16.0,16.0,8.0,8.0,8-8,0.3597257294026185,0.35443995173428583,0.36635823288613645,0.3597257294026185,0.35443995173428583,0.36635823288613645,0.8981731448923174,0.8737059689334624,106.8077767686016,111.89503588275801,106.8077767686016,111.89503588275801,103.96810930438816,113.29516065253942,105.99020909119177,117.03581912704394,0.2423142870063014,1.0,0.021430905131842037,1232.0,1259.0,1137.575,1.0830055161198162,1.1067402149308836,0.0,0.5,-11.611705262720317,236,121,69.95051722581479
278,Prairie View A&M,SWAC,19-17,101.18395388825493,304,110.51814801890657,215,0.26605033957507646,278,19.009828782079193,17.990171217920807,9.0,9.0,9-9,0.29610082554778355,0.43240359557054003,0.2088506981298137,0.31440475447649446,0.43240359557054003,0.2088506981298137,0.8854686460108289,0.7990999843338817,103.98050879720867,111.73866396421019,104.64841411078301,111.14557372766063,99.80446012884677,112.75208470841702,100.64321900434216,113.25075215339785,0.20468594865372589,2.0,-0.006371799897775365,1385.0,1366.0,1318.0625000000002,1.050784769311015,1.036369671392669,0.0,0.5,-12.567711085688511,252,192,70.65168833643112
279,Mount St. Mary's,MAAC,15-17,99.03287911139577,334,108.18631573666059,165,0.265683523906417,279,15.0,17.0,11.0,9.0,11-9,0.34419989758323083,0.45829951719871703,0.2761173057956694,0.34419989758323083,0.45829951719871703,0.2761173057956694,0.8922751259540154,0.7877902514395285,104.28180144483865,110.94060278348157,104.28180144483865,110.94060278348157,98.49202937073701,107.8443251958234,96.32713963775629,100.95143552427405,0.3683669986469137,3.0,0.0038644738784218147,1365.0,1344.0,1334.4875000000002,1.0228645828454743,1.0071282046478516,0.0,0.55,-12.527905882746644,250,163,67.78965719480873
280,Ball St.,MAC,12-19,98.89998605682774,335,108.09664962066948,162,0.2645326853544628,280,12.0,19.0,7.0,11.0,7-11,0.3803576848517546,0.3011077265675095,0.4375937658348204,0.3803576848517546,0.3011077265675095,0.4375937658348204,0.8955759579320116,0.8994938933042795,107.58851542623759,111.44096475319044,107.58851542623759,111.44096475319044,100.72441354483165,109.5534883965663,89.76245881324691,104.53200615660374,0.14782605445000727,1.0,-0.03810790328249963,1213.0,1293.0,1180.1375,1.027846331465613,1.0956350425268242,0.0,0.3888888888888889,-14.671521286338645,290,263,63.64343098901948
281,Western Michigan,MAC,10-21,107.00599562489434,199,117.34745491566623,323,0.2571326828747323,281,11.0,20.0,4.0,14.0,4-14,0.4379198165876096,0.3793775028143279,0.48020037653497966,0.4379198165876096,0.3793775028143279,0.48020037653497966,0.862066219982884,0.8451509713473147,108.15135134107774,108.97472233074961,108.15135134107774,108.97472233074961,108.13691118155779,118.72765856672426,86.5959729082176,116.92247321362771,0.030680575127626876,2.0,-0.04804311725793192,1345.0,1456.0,1235.1750000000002,1.0889145262817008,1.1787803347703765,0.0,0.2222222222222222,-15.420088324010981,308,295,67.79339510368482
282,Presbyterian,BSth,15-18,102.24682743197008,290,112.40046399102714,254,0.25184423179880877,282,15.0,18.0,7.0,9.0,7-9,0.342887749440747,0.34068110048454014,0.3372553949540209,0.342887749440747,0.34068110048454014,0.3372553949540209,0.9042683119504153,0.8773563129479858,106.2951241539562,111.77170314396606,106.2951241539562,111.77170314396606,105.03819342730974,114.84544593776118,78.45414919214267,107.04085164960152,0.02730485665938136,1.0,-0.0009161516395727043,1186.0,1198.0,1089.3875,1.0886851556493902,1.0997005197874952,0.0,0.4375,-13.784584347349554,278,175,64.19137339838211
283,Louisiana,SB,11-22,101.48222010238794,302,111.6585636651277,235,0.2499341081245664,283,11.0,22.0,7.0,11.0,7-11,0.41125470014695914,0.4582125153089497,0.3887303441896774,0.41125470014695914,0.4582125153089497,0.3887303441896774,0.8867846084384983,0.8346908223951011,106.33879661873401,110.20626047777824,106.33879661873401,110.20626047777824,102.35236111785672,110.72446816498064,90.42483855943217,108.46696041828822,0.10986154261364973,2.0,-0.04042819897447575,1179.0,1254.0,1148.8624999999997,1.0262324690726699,1.0915144327541375,0.0,0.3888888888888889,-16.97926615815758,329,272,63.263052582605695
284,Jacksonville,ASun,12-20,103.33863732166851,274,113.8070285836074,282,0.24793262496921953,284,12.0,20.0,7.0,11.0,7-11,0.3807143480070918,0.4847911618575887,0.3139527932925271,0.3807143480070918,0.4847911618575887,0.3139527932925271,0.8782408864306462,0.7886496559438955,108.53875055801683,112.6672930640742,108.53875055801683,112.6672930640742,104.22587299376227,111.61649973698388,104.50703396773052,117.02792390808982,0.2139430794205036,3.0,-0.041092188200669955,1272.0,1283.0,1158.075,1.098374457612849,1.1078729788657902,0.0,0.3888888888888889,-14.900962487342184,296,275,63.51269698605799
285,Mercyhurst,NEC,17-17,101.15343595126004,305,111.43682025203796,230,0.24723355916106882,285,17.0,17.0,10.0,8.0,10-8,0.26633296127569545,0.4057655031415783,0.17656462044662558,0.26633296127569545,0.4057655031415783,0.17656462044662558,0.9191300507833141,0.8350830624019895,102.36212516082213,113.05144786769347,102.36212516082213,113.05144786769347,102.9175552952167,112.94219305862326,76.73080987086817,101.7031266034528,0.03768138690972558,2.0,-0.04578958249331033,1296.0,1230.0,1186.0375000000001,1.092714184838169,1.037066703202892,0.0,0.5555555555555556,-13.326483734787779,267,287,64.57573355243231
286,Arkansas Pine Bluff,SWAC,13-19,104.87890789392742,246,115.66974454439945,306,0.2448582968762527,286,13.0,19.0,10.0,8.0,10-8,0.38313790934783487,0.6373657911957709,0.20301580805584288,0.38313790934783487,0.6373657911957709,0.20301580805584288,0.8494274644563794,0.678063658851822,106.35953788899944,110.36291950640764,106.35953788899944,110.36291950640764,105.57282597523634,115.92401366098046,95.99729885930347,112.2161635481839,0.14243266125572315,4.0,-0.02213698327006769,1366.0,1332.0,1247.2749999999999,1.0951875087691167,1.0679280832214229,0.0,0.5555555555555556,-12.932530178680654,261,233,69.27858831950556
287,UNC Greensboro,SC,15-19,107.75713601115672,185,118.91848903594253,341,0.24353034085808367,287,15.0,19.0,9.0,9.0,9-9,0.33355222023266107,0.39390119050032013,0.3015074771515624,0.33355222023266107,0.39390119050032013,0.3015074771515624,0.9191665805213478,0.8774672146687703,107.1639854050148,114.10400613609319,107.1639854050148,114.10400613609319,108.62446988182245,121.73825215057776,104.2711364353012,119.04958889071757,0.17883306933363127,1.0,-0.012740256383861781,1420.0,1485.0,1241.7624999999998,1.143535901591488,1.195880854833352,0.0,0.5,-15.222749579909495,304,215,67.66445732412379
288,Florida A&M,SWAC,15-16,98.79584562971783,336,109.21932063602013,189,0.2398544146030729,288,15.0,16.0,11.0,7.0,11-7,0.32289674276611735,0.5012464053709396,0.22412967089348534,0.32289674276611735,0.5012464053709396,0.22412967089348534,0.8955496800803522,0.7717531505279798,104.61559484961957,111.34234136929936,104.61559484961957,111.34234136929936,101.26456023761288,109.88284651413463,93.65442637650679,107.8558829473373,0.1647064256162617,4.0,0.011515525894878365,1305.0,1269.0,1238.1999999999998,1.0539492812146667,1.0248748182846068,0.0,0.6111111111111112,-11.814260454220284,239,144,67.97655029052707
289,Brown,Ivy,9-18,97.63755275173406,343,107.97731926644138,157,0.23910752703508814,289,9.0,18.0,3.0,11.0,3-11,0.36741765023634015,0.26378624105575466,0.4636468159040268,0.36741765023634015,0.26378624105575466,0.4636468159040268,0.9099360588423461,0.9298821499002153,106.85854553904132,111.71249666803637,106.85854553904132,111.71249666803637,98.50577684488876,109.1301608589434,0.0,0.0,0.0,0.0,-0.08836764704436834,945.0,1061.0,955.2625,0.9892568796534983,1.1106894701718113,0.0,0.21428571428571427,-14.616350630091405,287,354,66.67764946879272
290,Lehigh,Pat,18-17,101.75957015037613,296,112.5439186488745,258,0.23895766817693323,290,18.0,17.0,11.0,7.0,11-7,0.30422525588896226,0.4081573711329006,0.24796254320357317,0.30422525588896226,0.4081573711329006,0.24796254320357317,0.9129721780321691,0.8352578550218765,104.93591288798825,112.95318513350738,104.93591288798825,112.95318513350738,103.321512978895,113.63853243537136,86.59418710621945,104.05764714869979,0.10786932425660924,2.0,0.022562528424741046,1357.0,1355.0,1247.1875,1.088048108243548,1.0864445001252818,0.0,0.6111111111111112,-12.103332332073435,244,115,66.68227587167435
291,Morehead St.,OVC,20-13,106.24667118111122,218,117.513061961749,327,0.2388419147182787,291,20.0,13.0,15.0,5.0,15-5,0.2944579557510849,0.4109895330745566,0.22434081664025413,0.2944579557510849,0.4109895330745566,0.22434081664025413,0.9091651342973145,0.8070003070181451,103.20664872705113,111.33315498111826,103.20664872705113,111.33315498111826,108.77666175074651,118.15197287946935,109.520940296354,126.53428354389483,0.1596852958485791,2.0,0.10533607439118076,1475.0,1422.0,1314.6125000000002,1.1220036322490465,1.0816875695309454,0.0,0.75,-9.089382708353835,181,8,65.32460448142734
292,IU Indy,Horz,7-25,106.02010650313855,225,117.3852482883224,325,0.23666098292109158,292,7.0,25.0,3.0,17.0,3-17,0.4029927487485191,0.3855142223366146,0.42013036055611525,0.4029927487485191,0.3855142223366146,0.42013036055611525,0.8843582209379315,0.8310480984776304,108.9042863138635,111.6078637905272,108.9042863138635,111.6078637905272,105.55324914473015,116.65278477087313,121.35375758345032,117.89352936029825,0.5824092975244368,2.0,-0.15078462267399495,1552.0,1694.0,1435.0875,1.0814671579259103,1.1804158283031523,0.0,0.15,-20.07949240343332,355,365,73.66353137928179
293,East Texas A&M,Slnd,11-21,100.57358595747985,313,111.36989615405918,228,0.23638081124975102,293,11.0,21.0,6.0,16.0,6-16,0.43337606962031333,0.46520983670225446,0.41890617549215836,0.43337606962031333,0.46520983670225446,0.41890617549215836,0.854509791850194,0.7649008861302703,107.50485047329589,108.64668501570364,107.50485047329589,108.64668501570364,100.20444524857217,111.71299360089684,93.7643542684612,106.81871136033395,0.18257382556099458,3.0,-0.01588176666056318,1455.0,1633.0,1474.825,0.9865577271879714,1.1072500127133726,0.0,0.2727272727272727,-15.007176085593034,299,218,68.37751972759811
294,Southeastern Louisiana,Slnd,9-22,99.32872861794999,331,110.03604798338151,207,0.23553952757292482,294,9.0,22.0,6.0,16.0,6-16,0.4440069076397408,0.5051780148316436,0.41898236378850773,0.4440069076397408,0.5051780148316436,0.41898236378850773,0.8697073832809936,0.8073296858613495,107.02270841249872,108.95039165429813,107.02270841249872,108.95039165429813,99.670400127473,110.79561464428856,0.0,0.0,0.0,0.0,-0.043978219423444265,1440.0,1567.0,1442.0375,0.9985870686441928,1.0866569003926736,0.0,0.2727272727272727,-16.540926109612133,322,282,65.41277860066599
295,West Georgia,ASun,15-17,102.03561612506,293,113.0671908692907,265,0.23494546482243608,295,15.0,17.0,8.0,10.0,8-10,0.3384842284977755,0.40569363334486036,0.29818366986279465,0.3384842284977755,0.40569363334486036,0.29818366986279465,0.8884359081740058,0.7935597025243103,108.62301762283118,114.67132357676424,108.62301762283118,114.67132357676424,103.210649786635,114.85586858581382,100.66754354690308,104.86779142884596,0.38459603938749043,3.0,0.015126592725890564,1379.0,1423.0,1249.3,1.1038181381573682,1.1390378612022733,0.0,0.4444444444444444,-12.477666286819433,248,133,69.05646466765806
296,Northeastern,CAA,7-24,106.74594587988314,206,118.3556437509825,337,0.23374450420241202,296,7.0,24.0,2.0,16.0,2-16,0.43924736054391067,0.45409864248538595,0.4434775091406083,0.43924736054391067,0.45409864248538595,0.4434775091406083,0.8897563093857243,0.858678077450005,107.24012648699947,109.77446731416299,107.24012648699947,109.77446731416299,108.04613714399046,122.3303439390718,0.0,0.0,0.0,0.0,-0.08447777879213544,1348.0,1518.0,1254.8500000000001,1.0742319799179183,1.2097063394031158,0.0,0.1111111111111111,-19.26720810227453,350,352,69.73311025047647
297,Bellarmine,ASun,13-19,114.88356431248837,80,127.64753827518747,365,0.22942375300759318,297,13.0,19.0,7.0,11.0,7-11,0.36590391597416083,0.42423157107334686,0.32386235957191434,0.36590391597416083,0.42423157107334686,0.32386235957191434,0.8915965820373905,0.8182202547644931,108.12329920372376,112.82510243052452,108.12329920372376,112.82510243052452,115.68738699553413,129.49671355067557,120.12979307310407,123.23097801387438,0.4272430213257312,2.0,-0.007572649943881349,1466.0,1501.0,1195.6125,1.226149776788048,1.2554234754153206,0.0,0.3888888888888889,-14.425695030088413,286,196,64.58967109688312
298,Sacred Heart,MAAC,14-19,106.6187159310964,210,118.50848906270039,339,0.22866873219684558,298,14.0,19.0,9.0,11.0,9-11,0.32467446879288925,0.3897247748368537,0.2808542087276464,0.32467446879288925,0.3897247748368537,0.2808542087276464,0.9185951263289683,0.8646372757684762,103.60591950398641,111.1651446794281,103.60591950398641,111.1651446794281,109.1206020221767,120.96240858026233,103.17617006921317,126.60961079934613,0.08677126902964233,1.0,-0.009271339957608149,1513.0,1530.0,1355.8875000000003,1.1158742889804647,1.1284122023397956,0.0,0.45,-15.311047935279356,305,203,68.39172230788279
299,Grambling St.,SWAC,14-19,96.25946452602426,348,107.09922339635928,142,0.22668117692008127,299,14.0,19.0,7.0,11.0,7-11,0.30895705316210403,0.43770325159113393,0.2403654784137387,0.30895705316210403,0.43770325159113393,0.2403654784137387,0.9008294655209,0.8053693972509188,103.85066499180095,111.24747916116111,103.85066499180095,111.24747916116111,93.8203826308331,107.35558294548834,107.58383607902428,111.0989932231592,0.40860408101977297,2.0,-0.03671845545235913,1240.0,1252.0,1260.2625,0.9839220003769056,0.9934438261870047,0.0,0.3888888888888889,-14.84715207237119,295,261,67.51347348825391
300,Eastern Kentucky,ASun,11-21,108.46116198787593,173,120.82202915793937,352,0.22423509958715157,300,11.0,21.0,7.0,11.0,7-11,0.3749929078856187,0.45755662543413833,0.32443742224210403,0.3749929078856187,0.45755662543413833,0.32443742224210403,0.8957599079154183,0.8332236878310311,108.3253918386684,112.53796751008711,108.3253918386684,112.53796751008711,111.27568845922657,121.14220084603319,96.0717949095301,105.56585785211557,0.2527968090997017,1.0,-0.04720476742009733,1464.0,1494.0,1251.8374999999999,1.1694808631311973,1.1934456349166727,0.0,0.3888888888888889,-16.56308465202933,323,293,67.23004990363775
301,Oral Roberts,Sum,10-23,102.24290472105648,291,113.93068689875314,286,0.2236108161690979,301,10.0,23.0,4.0,12.0,4-12,0.42248222982902944,0.4861076934602142,0.37184522900960454,0.42248222982902944,0.4861076934602142,0.37184522900960454,0.8788621023853393,0.8335206615507769,109.20292275289444,110.99267935856714,109.20292275289444,110.99267935856714,101.72775486312113,115.82617567697477,99.89443230096832,115.36096510279232,0.16037385909021118,2.0,-0.06406009521562167,1166.0,1272.0,1109.3500000000001,1.0510659395141297,1.1466173885608688,0.0,0.25,-17.640148535742746,336,327,67.711840693958
302,Evansville,MVC,7-25,102.26663791900319,289,114.17793407540054,291,0.21976996514076877,302,7.0,25.0,3.0,17.0,3-17,0.5511810803709644,0.46186764581843814,0.589075131197139,0.5511810803709644,0.46186764581843814,0.589075131197139,0.8273568630188703,0.825676686242955,110.2580382065543,106.04093343010113,110.2580382065543,106.04093343010113,101.53617797732781,113.79092809346756,95.5032731913958,103.8566680961534,0.27602024510647033,1.0,-0.025905552320620334,1325.0,1581.0,1359.3374999999999,0.9747395330445898,1.1630665673535823,0.0,0.15,-17.721193811499774,340,240,66.94929701695503
303,USC Upstate,BSth,13-19,99.03393990224424,333,110.71870942620393,218,0.2171083969144351,303,13.0,19.0,5.0,11.0,5-11,0.34994745896700735,0.3785199491896769,0.3415818154160058,0.34994745896700735,0.3785199491896769,0.3415818154160058,0.8857886252070187,0.8360217089534809,105.59208937501766,111.09299679791619,105.59208937501766,111.09299679791619,97.69928295132098,111.664735386368,108.21319634988932,97.31900813097586,0.7721081485593128,2.0,-0.03525423567390751,1132.0,1234.0,1132.9375000000002,0.999172505102885,1.0892039499089754,0.0,0.3125,-14.28178389442709,285,257,67.56858746517855
304,Texas Southern,SWAC,12-18,102.04806565519071,292,114.12369834402898,290,0.21650543229202082,304,12.0,18.0,10.0,8.0,10-8,0.34093224158457236,0.5595038418162134,0.21433094072341577,0.34093224158457236,0.5595038418162134,0.21433094072341577,0.861851923844957,0.6851411049249004,105.12894814362957,110.65999456926968,105.12894814362957,110.65999456926968,102.9476268103859,114.1989016300868,99.68116166586316,118.29003970548548,0.1225637577888842,5.0,-0.054329520410881904,1388.0,1319.0,1273.0375000000001,1.0903056665652031,1.0361045923627543,0.0,0.5555555555555556,-12.975595981813738,262,308,68.67034947043288
305,Northwestern St.,Slnd,10-22,100.5714311671365,314,112.53199489641526,257,0.21547264194608073,305,10.0,22.0,8.0,14.0,8-14,0.4339680854826406,0.4788774792477166,0.4208023892106574,0.4339680854826406,0.4788774792477166,0.4208023892106574,0.8648170197995915,0.7818611914656239,107.07769421792827,108.44534618636959,107.07769421792827,108.44534618636959,100.80491961447574,111.7174341583733,110.84039374333635,117.78544490971062,0.3320573799988381,2.0,-0.02264799545877405,1452.0,1538.0,1427.4875,1.0171717790873827,1.0774174905209328,0.0,0.36363636363636365,-16.269356511383158,317,234,64.77283289353396
306,Alabama A&M,SWAC,18-15,104.27397428037193,257,116.67514216447228,312,0.21546805496465468,306,18.0,15.0,10.0,8.0,10-8,0.27678244135179325,0.34782360169901777,0.22941988731461505,0.27678244135179325,0.34782360169901777,0.22941988731461505,0.9212105306697154,0.8584766885944555,102.68844173838554,111.5298266904223,102.68844173838554,111.5298266904223,107.43931028877137,118.16680765687903,85.36039252269782,120.79134451044698,0.01811741861745326,2.0,0.03925554893313321,1354.0,1324.0,1216.7624999999998,1.1127890611355957,1.0881334689390907,0.0,0.5555555555555556,-11.608849389046402,235,87,65.22695737519359
307,Alabama St.,SWAC,10-22,99.64926292031652,328,111.53814822748626,233,0.2148111117911545,307,10.0,22.0,7.0,11.0,7-11,0.3686103846823591,0.5725000848668427,0.23510155189447893,0.3686103846823591,0.5725000848668427,0.23510155189447893,0.868913075975588,0.7344848184010121,104.48074866867283,109.9740519591655,104.48074866867283,109.9740519591655,97.47058038992515,109.47020668603383,115.78819411813055,117.95881461964086,0.446804915842653,4.0,-0.0841618045299487,1310.0,1308.0,1288.8749999999998,1.0163902628261081,1.0148385219668317,0.0,0.3888888888888889,-16.5992608209396,324,351,69.27831482943989
308,Hampton,CAA,13-19,100.5688929768309,315,112.57323515099488,260,0.2147122533368146,308,13.0,19.0,7.0,11.0,7-11,0.37140295638645665,0.27487838115551777,0.4351067399376923,0.37140295638645665,0.27487838115551777,0.4351067399376923,0.898642501284686,0.899004527937932,105.5457792920557,110.0096450555814,105.5457792920557,110.0096450555814,99.6678969664499,110.76033079576013,94.81864773961001,116.19291650034587,0.08804147110901878,1.0,0.021048830332430546,1208.0,1295.0,1191.0875,1.0141992087063292,1.087241701386338,0.0,0.3888888888888889,-14.664716427245464,289,123,65.38707256745907
309,Houston Christian,Slnd,12-20,101.56141752757331,299,113.7142569879696,278,0.21420064724132834,309,12.0,20.0,8.0,14.0,8-14,0.4013999859332614,0.34965485594910645,0.4209179380909356,0.4013999859332614,0.34965485594910645,0.4209179380909356,0.8798306623213955,0.838636251641208,106.81921269444547,109.70337583674427,106.81921269444547,109.70337583674427,102.39440949064213,114.88087517830814,116.03983687716656,111.34922162097577,0.6164517736461039,1.0,0.014416551384123732,1457.0,1575.0,1415.8874999999996,1.0290365583423828,1.1123765129644838,0.0,0.36363636363636365,-14.949340923795216,298,138,64.09606972793334
310,Stetson,ASun,12-21,105.01920962238961,244,117.74071518294134,328,0.21166332144896888,310,12.0,21.0,7.0,11.0,7-11,0.3856160386479929,0.4844128314179094,0.3161790240865438,0.3856160386479929,0.4844128314179094,0.3161790240865438,0.8833714012805081,0.7981436442020058,108.1528144787705,112.21683275166082,108.1528144787705,112.21683275166082,106.71677347203725,119.68066023962466,89.23310289685915,105.4054006092418,0.12836861992513968,3.0,-0.012717224627451229,1385.0,1437.0,1230.7749999999999,1.1253072251223823,1.1675570270764357,0.0,0.3888888888888889,-15.93289520550656,314,214,66.7570257203781
311,North Carolina A&T,CAA,11-19,104.26822511233085,258,117.05093783321897,317,0.20917769266562908,311,11.0,19.0,4.0,14.0,4-14,0.37359999749111933,0.2836878585114158,0.4363160541833402,0.37359999749111933,0.2836878585114158,0.4363160541833402,0.9101959420149514,0.9143068247082247,106.33168544545198,111.32343626232534,106.33168544545198,111.32343626232534,106.78596101411686,118.55003844268587,0.0,0.0,0.0,0.0,-0.008573925770828494,1338.0,1448.0,1239.8500000000001,1.0791628019518489,1.167883211678832,0.0,0.2222222222222222,-15.210049533430999,303,200,68.50385792753264
312,Chattanooga,SC,13-19,105.22997259993664,238,118.30108701037872,336,0.20644725134001832,312,13.0,19.0,7.0,11.0,7-11,0.3088868307765415,0.32924164782164556,0.3056186525306009,0.3088868307765415,0.32924164782164556,0.3056186525306009,0.9150796806766508,0.871848887947723,107.02190229127227,114.52080131598933,107.02190229127227,114.52080131598933,104.28529343517926,117.10036744758183,114.54676735815231,114.68612621885268,0.49650442621897545,2.0,-0.047920972902602166,1359.0,1393.0,1226.1000000000001,1.1083924639099583,1.1361226653617158,0.0,0.3888888888888889,-15.377261981124432,306,294,67.0421084923556
313,Central Connecticut,NEC,18-12,104.27582204112213,256,117.36783559441413,324,0.20421693256122392,313,18.0,12.0,12.0,6.0,12-6,0.24718817438343862,0.36339099738364833,0.18133315201436995,0.24718817438343862,0.36339099738364833,0.18133315201436995,0.9391270400999598,0.8818537016135157,101.82823119223386,112.98443486936199,101.82823119223386,112.98443486936199,107.14462787680111,119.47142064483339,110.96975087310253,119.5391053400158,0.29829336670433604,1.0,0.09138716240022149,1284.0,1270.0,1153.6625,1.1129771488628608,1.1008418839998702,0.0,0.6666666666666666,-9.473419864852229,189,15,64.83300988400737
314,Cleveland St.,Horz,11-22,109.50227273749059,153,123.50982470102234,362,0.20031654851742897,314,11.0,22.0,6.0,14.0,6-14,0.4207232986226654,0.41511990740929827,0.42376018953875255,0.4207232986226654,0.41511990740929827,0.42376018953875255,0.8879641124801403,0.8501233288328467,109.51060395329586,110.94535788297556,109.51060395329586,110.94535788297556,110.53978447801151,123.36872532252167,93.97633018020039,121.32670800354754,0.050325550290345515,2.0,0.008955335068893067,1580.0,1722.0,1393.1874999999998,1.1340899914763807,1.2360145350141314,0.0,0.3,-16.9454944119058,328,148,69.59307060945329
315,Georgia St.,SB,10-22,99.22618083800124,332,111.92020185565417,241,0.20030027477340978,315,10.0,22.0,7.0,11.0,7-11,0.3860295837774552,0.39805457948867823,0.3849057244157381,0.3860295837774552,0.39805457948867823,0.3849057244157381,0.9014525444943087,0.8617227324886259,106.83986892279151,110.40081744887655,106.83986892279151,110.40081744887655,101.83342290889242,110.849652477626,100.00286836320834,93.7338879143349,0.6779789743724808,2.0,-0.02982633638177945,1276.0,1318.0,1219.1125000000002,1.0466630438126094,1.0811143352233692,0.0,0.3888888888888889,-17.71219067201369,339,246,67.91514145047776
316,Le Moyne,NEC,15-17,100.62932983086529,312,113.54133558595423,276,0.1996766123201205,316,15.0,17.0,10.0,8.0,10-8,0.2748373275225016,0.4171027283706645,0.18183825781743218,0.2748373275225016,0.4171027283706645,0.18183825781743218,0.9271435228519033,0.8608533273633057,102.52384586871491,112.75834488417615,102.52384586871491,112.75834488417615,97.9876116617101,109.95453511186217,82.90844578315485,105.6221423740549,0.058167120705898974,1.0,-0.0021924327626550166,1285.0,1234.0,1233.9750000000001,1.041350108389554,1.0000202597297352,0.0,0.5555555555555556,-13.825225377876485,279,180,69.46081671595245
317,Wagner,NEC,14-17,101.79828820944348,295,114.99588297913576,299,0.19751716931780386,317,14.0,17.0,8.0,10.0,8-10,0.27336637878329645,0.4120207793449166,0.1820786213331445,0.27336637878329645,0.4120207793449166,0.1820786213331445,0.9157740333430271,0.8223686740301063,102.70004697707168,112.1550572868929,102.70004697707168,112.1550572868929,101.35933836344286,117.58022632310048,109.97376251699121,108.00159118737962,0.5518386371814695,2.0,-0.03603446314550063,1238.0,1261.0,1168.0125,1.0599201635256472,1.079611733607303,0.0,0.4444444444444444,-13.52978137938595,272,260,65.47062945676355
318,Northern Arizona,BSky,10-22,105.4952000797042,234,119.17529783028817,344,0.19746794676999588,318,10.0,22.0,4.0,14.0,4-14,0.43049608452978055,0.3760421398723143,0.4768827399056082,0.43049608452978055,0.3760421398723143,0.4768827399056082,0.8747725842075881,0.8466468854176106,109.43753609674565,109.80649408286212,109.43753609674565,109.80649408286212,108.92877427097473,122.82389509018704,84.05181740520811,100.4123523110891,0.11452864881663273,2.0,-0.0089119569182734,1240.0,1416.0,1141.1999999999998,1.0865755345250616,1.2407991587802316,0.0,0.2222222222222222,-16.743380065553275,325,202,63.77805219048207
319,Albany,AE,11-21,103.23675052732872,276,117.96130208977274,331,0.17750920665689965,319,11.0,21.0,7.0,9.0,7-9,0.30763961145855684,0.45011099131570137,0.17930808907458562,0.30763961145855684,0.45011099131570137,0.17930808907458562,0.919759138349376,0.863952032473937,103.97245317716451,112.22532935321027,103.97245317716451,112.22532935321027,102.4065189359931,117.02671710955482,0.0,0.0,0.0,0.0,-0.0871637240770371,1103.0,1082.0,1013.9250000000002,1.0878516655571169,1.0671400744631012,0.0,0.4375,-17.43197776854043,333,353,65.2641326716443
320,UMass Lowell,AE,15-18,102.3951034370424,287,117.09057837701661,319,0.17620806121272284,320,15.0,18.0,9.0,7.0,9-7,0.2921363246794445,0.4078396764924942,0.17947160799185907,0.2921363246794445,0.4078396764924942,0.17947160799185907,0.8980810492128658,0.8181475844530292,103.85429889447242,112.33262017845412,103.85429889447242,112.33262017845412,101.80505262851919,116.11572361617498,91.23582149571267,123.602211086747,0.029551047927343085,2.0,-0.003800798895169377,1167.0,1144.0,1079.5874999999999,1.0809684254402725,1.0596639920339945,0.0,0.5625,-13.733637128601224,275,184,69.3095210013173
321,Tennessee Tech,OVC,13-18,101.67742406118035,298,117.08766733965425,318,0.16481177797907787,321,13.0,18.0,8.0,12.0,8-12,0.282597861503222,0.3750410745423048,0.2317540943317266,0.282597861503222,0.3750410745423048,0.2317540943317266,0.9174724340162261,0.8389285995546285,102.75604364033025,111.24177630113627,102.75604364033025,111.24177630113627,101.38434359867006,119.47611374313605,99.46769815632034,117.78543830060815,0.12522390905687564,2.0,-0.01088381574856817,1383.0,1451.0,1322.5249999999999,1.0457269238766753,1.097143721290713,0.0,0.4,-14.638235563764402,288,208,67.03738051723249
322,Lafayette,Pat,11-21,100.23946692891514,320,115.44885376629833,302,0.1645776968437192,322,11.0,21.0,8.0,10.0,8-10,0.328523861928828,0.44584229410800325,0.25623853026901516,0.328523861928828,0.44584229410800325,0.25623853026901516,0.9111332346110937,0.8458171528033902,104.9645955994896,112.31989055507418,104.9645955994896,112.31989055507418,98.26410709387827,113.35409886770556,99.98614542841742,118.48042246663705,0.12436427470609586,2.0,-0.030308864975567285,1232.0,1299.0,1195.05,1.0309192084013221,1.0869838082088616,0.0,0.4444444444444444,-17.163029772290436,331,247,66.81685441709287
323,NJIT,AE,16-17,97.01297496038185,345,112.00889475870713,242,0.1607125535318119,323,16.0,17.0,10.0,6.0,10-6,0.311464780255771,0.46220011675679973,0.18142182768347542,0.311464780255771,0.46220011675679973,0.18142182768347542,0.8935713182185019,0.8044429558112601,103.30574022440497,112.14342331320196,103.30574022440497,112.14342331320196,100.81604223118512,114.29106162817887,96.78937747703853,119.90392529128655,0.07851000846266566,2.0,0.07112779982835271,1133.0,1125.0,1064.3000000000002,1.0645494691346422,1.0570327915061541,0.0,0.625,-12.494941107567964,249,36,68.04121993723369
324,Cal St. Bakersfield,BW,8-24,101.50336999965955,300,117.30585948070514,322,0.1592303085771464,324,8.0,24.0,2.0,18.0,2-18,0.470073880391671,0.42842137122229934,0.4950653858932941,0.470073880391671,0.42842137122229934,0.4950653858932941,0.8652657069284792,0.8378601275653925,106.8924998234911,107.63445639222613,106.8924998234911,107.63445639222613,102.30132879701398,119.53992269633603,83.04632372461997,94.05372847314368,0.19288410778157208,1.0,-0.018327030062050165,1469.0,1739.0,1469.5125,0.9996512448856338,1.1833856466004882,0.0,0.1,-18.172547750890164,342,222,70.03022829815562
325,Little Rock,OVC,12-20,100.92439200193417,310,116.67714193417206,313,0.1586978775025996,325,12.0,20.0,9.0,11.0,9-11,0.31448922994732265,0.46694436257596145,0.23237040721094301,0.31448922994732265,0.46694436257596145,0.23237040721094301,0.918858132584401,0.8394154064546364,102.42169524902333,110.23600777278126,102.42169524902333,110.23600777278126,102.92978610049661,116.12384109842185,106.42002670781771,141.32318277361531,0.036896684881201326,1.0,-0.002275139953865357,1444.0,1417.0,1346.2625,1.0725991402122543,1.0525436161224129,0.0,0.45,-16.420196954204894,320,182,66.45569313152326
326,Loyola MD,Pat,12-20,103.32118544722668,275,119.52377869490888,347,0.15772702783402617,326,12.0,20.0,8.0,10.0,8-10,0.2807130701240056,0.30584898243307224,0.257005927872291,0.2807130701240056,0.30584898243307224,0.257005927872291,0.9278247156451441,0.8928427542930788,103.44937017022959,112.84165713254484,103.44937017022959,112.84165713254484,102.08994433206891,116.58799872829006,74.03375110377307,106.7711479100454,0.014615972219045217,1.0,-0.03863521341011339,1345.0,1374.0,1247.9625000000003,1.0777567434918915,1.100994621232609,0.0,0.4444444444444444,-16.86561755762629,327,267,68.19580922908294
327,Bucknell,Pat,10-23,98.54341339272499,340,114.04748343441292,289,0.1570486787397421,327,10.0,23.0,6.0,12.0,6-12,0.3669874761056702,0.5228650491365477,0.2570819667592278,0.3669874761056702,0.5228650491365477,0.2570819667592278,0.8905685839556449,0.8007917478761871,106.492665774457,112.40107678769017,106.492665774457,112.40107678769017,97.84903903795674,117.01221430808326,83.36112719815867,111.85645884897166,0.032882009604941864,2.0,-0.01537445742924104,1257.0,1373.0,1220.3625,1.030021817287896,1.1250755410789828,0.0,0.3333333333333333,-18.28590937382528,344,217,67.05250686105816
328,North Florida,ASun,7-25,106.79136774338018,203,123.64368709178393,363,0.1564267785783274,328,7.0,25.0,5.0,13.0,5-13,0.3955507898139103,0.5067893838791413,0.3241343232747625,0.3955507898139103,0.5067893838791413,0.3241343232747625,0.8461147968956559,0.7123275924492327,108.43173420896348,110.44542707125079,108.43173420896348,110.44542707125079,106.87232873804437,123.19069156142876,102.20950539264967,114.46433282881029,0.2137876346066092,4.0,-0.09099184081189476,1435.0,1555.0,1280.3125,1.120820112277276,1.2145472296802537,0.0,0.2777777777777778,-19.022071519640377,348,355,70.50501020190028
329,New Haven,NEC,14-17,95.80304282125417,352,111.50012903898715,232,0.14869035070468892,329,14.0,17.0,9.0,9.0,9-9,0.27789273805579945,0.40300086109232297,0.1875368714183102,0.27789273805579945,0.40300086109232297,0.1875368714183102,0.899515340709919,0.8012944537484045,103.15116195101227,111.69790355805331,103.15116195101227,111.69790355805331,97.21999354796228,112.12809531611873,90.0110902812201,108.09063700570537,0.1086187662037731,3.0,0.016025555344758524,1160.0,1166.0,1127.6125,1.0287221895819707,1.0340431664246361,0.0,0.5,-13.162462037765227,265,132,63.3802865282035
330,Eastern Illinois,OVC,13-20,96.58594948101808,346,112.57157846242819,259,0.14662836074401067,330,13.0,20.0,8.0,12.0,8-12,0.3186032621501406,0.4766330178339651,0.23358909329458113,0.3186032621501406,0.4766330178339651,0.23358909329458113,0.8812378886041081,0.7240428166475609,104.34934875137677,110.4265474023801,104.34934875137677,110.4265474023801,96.05668782603638,112.27225328801778,95.53669687384621,114.1300729854774,0.11455593367319435,3.0,0.0016569900824676687,1324.0,1393.0,1341.9125,0.9866515141635539,1.038070664070869,0.0,0.4,-15.209937709663333,302,168,65.63248935078492
331,Norfolk St.,MEAC,15-17,101.11442387507812,307,118.10499465258512,335,0.1435399682619639,331,15.0,17.0,8.0,6.0,8-6,0.2559854048010137,0.3735950814920623,0.12539806929644048,0.2559854048010137,0.3735950814920623,0.12539806929644048,0.9108017391954555,0.8503879910460954,101.6066195656474,112.34215549656803,101.6066195656474,112.34215549656803,102.69709668990963,121.32418889330435,99.52196313686727,105.93614523148267,0.3277743245413028,2.0,-0.021893271647970114,1078.0,1038.0,975.5125,1.1050601606847683,1.0640560730897861,0.0,0.5714285714285714,-13.410825660295467,269,231,68.09674646425857
332,Jackson St.,SWAC,12-21,100.90580499893767,311,118.04256631707815,334,0.1413812222789239,332,12.0,21.0,10.0,8.0,10-8,0.39961600153049925,0.6674573972919907,0.22465812751082495,0.39961600153049925,0.6674573972919907,0.22465812751082495,0.8199146331729172,0.5989150770242987,106.21941082653962,109.33386957946396,106.21941082653962,109.33386957946396,104.22165761767674,120.54128319103236,93.616414785593,120.01632921439213,0.05432811439529745,7.0,0.07243660500828597,1397.0,1448.0,1296.3375,1.0776514603642955,1.1169930670060844,0.0,0.5555555555555556,-13.955617096255411,282,34,69.57932706741738
333,UTSA,Amer,5-25,100.4770010048131,316,117.98692150270016,333,0.1361764946978946,333,5.0,25.0,1.0,17.0,1-17,0.5014687612428282,0.446178742553867,0.5383287737021356,0.5014687612428282,0.446178742553867,0.5383287737021356,0.8400337364187057,0.8291950020829497,109.71958957145964,107.5159430591896,109.71958957145964,107.5159430591896,101.17136202066669,120.99315193510074,121.28818079054062,126.63520624757803,0.37845205381808755,2.0,-0.040894188601383386,1229.0,1526.0,1235.8874999999998,0.9944270817529914,1.2347402170505004,0.0,0.05555555555555555,-18.731783255305775,347,273,68.57753812806077
334,Holy Cross,Pat,11-22,100.4569700986421,317,117.97925581372911,332,0.13599477713765376,334,11.0,22.0,5.0,13.0,5-13,0.31236311334831585,0.39465962580025,0.25944674795549666,0.31236311334831585,0.39465962580025,0.25944674795549666,0.916274564264277,0.8595887455786162,105.45258970005715,112.75037778204147,105.45258970005715,112.75037778204147,100.21623602190826,117.87553045466696,80.4378705883474,115.57881459392328,0.01524145899137058,1.0,-0.005055933545822622,1242.0,1319.0,1175.3500000000004,1.056706512953588,1.1222189135151228,0.0,0.2777777777777778,-18.26978778477197,343,188,65.44269896408328
335,Manhattan,MAAC,12-20,103.40089447824255,273,121.5822794310834,355,0.1343836991278556,335,12.0,20.0,8.0,12.0,8-12,0.32149079339861975,0.3953092700416111,0.2817590131229943,0.32149079339861975,0.3953092700416111,0.2817590131229943,0.915738561930607,0.8539706044412871,103.04265906931268,110.99492068525143,103.04265906931268,110.99492068525143,102.82057407918026,121.09209119088234,104.99078348034806,126.50045009359062,0.10495964090457581,1.0,0.034918303241132875,1431.0,1517.0,1354.1500000000003,1.0567514677103715,1.12025994166082,0.0,0.4,-16.353591162755627,318,94,67.957179791179
336,Niagara,MAAC,8-22,99.68372915990685,327,117.29148662096948,321,0.13347385570370823,336,8.0,22.0,5.0,15.0,5-15,0.3184723911342006,0.38475926617396194,0.2853289536143199,0.3184723911342006,0.38475926617396194,0.2853289536143199,0.903916058181801,0.8116784535082815,103.97342476041044,111.32907864779067,103.97342476041044,111.32907864779067,99.40879401721331,118.02801046830534,100.85840722027547,116.87137967679438,0.1551720566003689,2.0,-0.06840655132637391,1260.0,1391.0,1240.0624999999998,1.016077818658334,1.1217176553601131,0.0,0.25,-18.333570957378218,345,334,62.217097663167046
337,Stonehill,NEC,12-21,91.82611271063388,362,108.37184241007174,168,0.12951844352614855,337,12.0,21.0,8.0,10.0,8-10,0.2591751920228717,0.35227686673974506,0.1896932919516155,0.2591751920228717,0.35227686673974506,0.1896932919516155,0.9202831856879086,0.8475280434581008,102.71383615174018,112.9266617577985,102.71383615174018,112.9266617577985,92.25442107242293,108.2047883023306,104.62768247350397,112.15611219878598,0.31022634930826054,1.0,-0.029577671792725968,1175.0,1199.0,1198.55,0.9803512577698053,1.0003754536731884,0.0,0.4444444444444444,-17.609730237111805,335,245,66.37432297951922
338,North Alabama,ASun,9-21,99.79528374660015,324,117.83971822922993,329,0.12882912318019166,338,9.0,21.0,4.0,14.0,4-14,0.35493963436805537,0.41046173652544327,0.32198030725006754,0.35493963436805537,0.41046173652544327,0.32198030725006754,0.9045913349351036,0.8500150538392917,108.10508181905928,113.37570185266149,108.10508181905928,113.37570185266149,99.74916709604584,120.12709974127803,109.12742361153451,120.21649627139631,0.24732182190270208,1.0,0.005672415847479351,1246.0,1428.0,1187.4375,1.0493183851781673,1.2025896099794726,0.0,0.2222222222222222,-17.115593107982992,330,159,64.8160639880427
339,Fairleigh Dickinson,NEC,11-21,100.42285448852047,318,119.00617544581635,342,0.1242773073612788,339,11.0,21.0,8.0,10.0,8-10,0.29119979196020723,0.42971730731930174,0.19028420373809596,0.29119979196020723,0.42971730731930174,0.19028420373809596,0.8945403926246486,0.7867343655803535,103.44796320485244,111.17682746026492,103.44796320485244,111.17682746026492,101.12613501508824,118.45588504359807,83.96060098078279,96.96776695295056,0.16025174493370345,3.0,-0.041023900476990616,1195.0,1218.0,1123.7125,1.063439269386075,1.083907138169238,0.0,0.4444444444444444,-16.7629546324285,326,274,64.04787650110427
340,Air Force,MWC,3-29,95.924077818444,350,113.87764908933016,284,0.12206409082800053,340,3.0,29.0,0.0,20.0,0-20,0.6195360210262065,0.42893319726519413,0.7174225763496892,0.6195360210262065,0.42893319726519413,0.7174225763496892,0.7906779678416901,0.9027926388927398,111.834368274476,106.4757360339183,111.834368274476,106.4757360339183,95.82431707100812,114.93327060033013,101.90576416832263,123.62623319723312,0.0977953820329958,5.0,-0.028080943991120336,1196.0,1667.0,1343.0874999999996,0.8904855417089358,1.2411700652414681,0.0,0.0,-20.2297427373589,356,244,66.28606145678953
341,Alcorn St.,SWAC,9-23,97.21361424535138,344,115.48942725042589,303,0.12120327273302807,341,9.0,23.0,7.0,11.0,7-11,0.41952924668853214,0.7382761553779877,0.22693114328771027,0.41952924668853214,0.7382761553779877,0.22693114328771027,0.8348093824102861,0.6210089843046601,106.32361941533055,109.46829001461805,106.32361941533055,109.46829001461805,97.30612573043446,118.2975696620976,90.91181110330508,112.05256959052545,0.08283783839509651,5.0,0.038101940787456545,1244.0,1341.0,1226.6999999999998,1.0141028776391947,1.0931768158473956,0.0,0.3888888888888889,-16.3887438934545,319,89,67.95400791604273
342,Chicago St.,NEC,7-25,99.77594876841187,325,118.57696112707096,340,0.12075466036258004,342,7.0,25.0,5.0,13.0,5-13,0.37792300585953864,0.634895811838422,0.190681711221084,0.37792300585953864,0.634895811838422,0.190681711221084,0.8602297085217593,0.7047680632378357,105.1808704989275,109.96133522093957,105.1808704989275,109.96133522093957,98.10744872918937,118.36161397910139,99.11248276288327,105.8201427538262,0.32014986804731727,4.0,-0.06573403575985992,1169.0,1268.0,1152.9624999999999,1.0139098192699243,1.0997755781302516,0.0,0.2777777777777778,-19.298533825226706,351,329,65.63466703945568
343,Northern Illinois,MAC,9-21,95.60750463417028,353,113.70608936774964,277,0.11986545926472486,343,9.0,21.0,4.0,14.0,4-14,0.4369397335079583,0.4265429030387509,0.4438709538207632,0.4369397335079583,0.4265429030387509,0.4438709538207632,0.8581786772210355,0.8135225450961828,108.72728623517604,109.71668341088844,108.72728623517604,109.71668341088844,93.04686594528722,112.35593254472222,98.8825747210701,114.80804169525125,0.1522221407855572,2.0,0.06422515110225349,1159.0,1393.0,1233.875,0.9393171917738831,1.1289636308378077,0.0,0.2222222222222222,-15.442129489506666,309,44,67.47505470912014
344,Army,Pat,11-21,99.44025889944272,329,118.48918137071925,338,0.11758064064128997,344,11.0,21.0,5.0,13.0,5-13,0.3075396309963937,0.3794662598746147,0.26152291014104617,0.3075396309963937,0.3794662598746147,0.26152291014104617,0.9177099834934319,0.8652855155101833,105.38836685942812,113.07216209539459,105.38836685942812,113.07216209539459,100.59321576509463,121.21448408820824,103.13674090024573,118.47806396770294,0.16871951421207174,1.0,0.01212346933055225,1288.0,1406.0,1216.425,1.0588404546108474,1.1558460242102884,0.0,0.2777777777777778,-17.491561500921502,334,143,67.16018496761502
345,Canisius,MAAC,10-21,95.39390001732745,354,113.9397154375518,287,0.11475846587978625,345,10.0,21.0,5.0,15.0,5-15,0.31968526084874205,0.37869650179543884,0.28722907832805883,0.31968526084874205,0.37869650179543884,0.28722907832805883,0.9231192976957143,0.8747385767725919,103.76272725397094,111.88827661587852,103.76272725397094,111.88827661587852,95.82043587599125,114.5591489079796,0.0,0.0,0.0,0.0,0.014136887399110287,1279.0,1414.0,1298.0875,0.985295675368571,1.0892948279680683,0.0,0.25,-17.677503141459304,338,140,64.05154621224254
346,Southern Indiana,OVC,7-23,95.84833684406169,351,114.52065258273271,295,0.11436977194943405,346,7.0,23.0,4.0,16.0,4-16,0.275400286800299,0.3524805712197312,0.23686014459058277,0.275400286800299,0.3524805712197312,0.23686014459058277,0.9380057108344653,0.894373701726326,102.54015250753251,112.41248105622083,102.54015250753251,112.41248105622083,96.3866685748392,114.79464576137147,0.0,0.0,0.0,0.0,-0.11960889173807687,1324.0,1433.0,1341.875,0.9866790870982767,1.0679087098276665,0.0,0.2,-20.37514987984604,357,362,67.7128612883031
347,The Citadel,SC,11-22,99.88530081363172,323,120.55781883679336,350,0.10310141744351986,347,11.0,22.0,7.0,11.0,7-11,0.3244905861918645,0.3346487241464314,0.31721155770596615,0.3244905861918645,0.3346487241464314,0.31721155770596615,0.9258598220303329,0.9028456569552344,106.94131324897806,113.66454823401048,106.94131324897806,113.66454823401048,97.98684116447208,118.38621205834579,0.0,0.0,0.0,0.0,0.037214788359196005,1244.0,1404.0,1199.6625,1.0369583111916894,1.170329155074865,0.0,0.3888888888888889,-18.54117552883027,346,90,64.16836200156861
348,Louisiana Monroe,SB,4-28,101.07454904350124,308,122.1537318140237,357,0.10171131509823904,348,4.0,28.0,1.0,17.0,1-17,0.39451769528355746,0.37935346728317526,0.4083429514363017,0.39451769528355746,0.37935346728317526,0.4083429514363017,0.8876449042805331,0.847714555757194,106.28083724422928,109.75576066457415,106.28083724422928,109.75576066457415,100.96958661601695,121.56126801033274,124.56269721869663,127.80061657702306,0.4267520622910164,1.0,-0.11408063022906986,1288.0,1536.0,1280.9999999999998,1.0054644808743172,1.1990632318501173,0.0,0.05555555555555555,-23.165908541127177,363,360,70.24190059942406
349,Maine,AE,8-24,92.00532960304795,361,111.85093632199363,238,0.09567892942766563,349,8.0,24.0,6.0,10.0,6-10,0.2986586541105644,0.4211425346134535,0.18966928199665775,0.2986586541105644,0.4211425346134535,0.18966928199665775,0.9255504966374252,0.8778578842200118,103.4324092221781,112.80037266790602,103.4324092221781,112.80037266790602,92.64203370539411,112.46147808350904,0.0,0.0,0.0,0.0,-0.046362116816243026,1022.0,1076.0,1035.9625,0.9865221955427922,1.0386476344462274,0.0,0.375,-20.679815030284033,359,291,64.73685488916753
350,Saint Francis,NEC,7-24,100.39354984406273,319,122.43349894677797,358,0.09259063824649938,350,7.0,24.0,5.0,13.0,5-13,0.33134053223733884,0.521684046854085,0.19387021612524447,0.33134053223733884,0.521684046854085,0.19387021612524447,0.882697325065343,0.7625936414849549,105.1154827121081,111.00941449511458,105.1154827121081,111.00941449511458,101.89951697747743,123.75507485199432,100.07926470831602,116.24345256128605,0.15163581436666948,3.0,-0.06245825385477763,1325.0,1421.0,1246.2125000000003,1.0632215613308322,1.1402549725668774,0.0,0.2777777777777778,-19.435320793590904,352,322,69.98676704463895
351,New Hampshire,AE,9-21,95.22470136168565,357,116.20008675228385,308,0.0920085487389062,351,9.0,21.0,5.0,11.0,5-11,0.3210944199004758,0.4674790129326319,0.19013802073251254,0.3210944199004758,0.4674790129326319,0.19013802073251254,0.8810766105004906,0.7756104100892613,104.29588518163838,111.66696508963302,104.29588518163838,111.66696508963302,94.86571678070253,118.52911909531856,107.21051811411132,109.39722736948227,0.44220976222830266,3.0,-0.019595772379721432,1110.0,1202.0,1101.4125000000001,1.0077968063736338,1.091325911046043,0.0,0.3125,-16.507180731237806,321,226,67.37355199431869
352,North Carolina Central,MEAC,14-18,100.04180358688856,322,122.72819064777937,359,0.08703276389500803,352,14.0,18.0,8.0,6.0,8-6,0.28878586144626284,0.45411323564256395,0.13360901116876575,0.28878586144626284,0.45411323564256395,0.13360901116876575,0.87562149812557,0.7621970757591476,102.54870649626307,111.56262422436545,102.54870649626307,111.56262422436545,101.88694901717507,125.28148291860946,102.7313825537919,122.98198626025439,0.11213832242636651,4.0,0.02866267456641791,1010.0,1038.0,935.15,1.0800406351922152,1.1099823557718014,0.0,0.5714285714285714,-13.139946062862087,264,107,65.73992839373469
353,South Carolina St.,MEAC,10-22,95.28466870315124,356,117.17591514853657,320,0.08484359771839364,353,10.0,22.0,7.0,7.0,7-7,0.3052550043063388,0.45690381407341635,0.13392907635211584,0.3052550043063388,0.45690381407341635,0.13392907635211584,0.8858457582005862,0.7978122436650661,103.73562321099871,112.6589377962923,103.73562321099871,112.6589377962923,95.16056266867612,114.93982319201186,90.64019000198033,121.14975336430341,0.03434031227089437,3.0,-0.018679717787592143,965.0,996.0,957.5874999999999,1.007740806975864,1.0401138277180937,0.0,0.5,-17.428198702407336,332,224,68.83688326201312
354,Morgan St.,MEAC,14-16,98.69893651110429,338,121.39681303596602,354,0.08468031399040053,354,14.0,16.0,10.0,4.0,10-4,0.2502579198250841,0.37225679415048313,0.13395295527884826,0.2502579198250841,0.37225679415048313,0.13395295527884826,0.9287054341271801,0.8790974558577547,100.63232512557462,112.79110554440231,100.63232512557462,112.79110554440231,99.27667662461525,120.06682036608085,0.0,0.0,0.0,0.0,0.06107024849557391,1071.0,1072.0,1010.4499999999999,1.0599237963283685,1.0609134544015044,0.0,0.7142857142857143,-13.106613253633828,263,53,70.45397753009469
355,Bryant,AE,9-22,96.46567663020373,347,120.1644879655055,348,0.07403803857041544,355,9.0,22.0,5.0,11.0,5-11,0.31114951426628384,0.4426273004776709,0.19243846137809836,0.31114951426628384,0.4426273004776709,0.19243846137809836,0.9008339486788334,0.8233051524226473,103.29094239145749,111.05116626714059,103.29094239145749,111.05116626714059,96.2216070900358,121.58029914230434,97.32123987134636,98.88825602088002,0.4542056673606154,2.0,0.014160036613514726,1048.0,1160.0,1033.45,1.0140790555904977,1.1224539164932992,0.0,0.3125,-18.01093058254272,341,139,64.22779580013865
356,Maryland Eastern Shore,MEAC,9-23,93.0428112799439,359,116.32221770364418,310,0.07122649135432332,356,9.0,23.0,5.0,9.0,5-9,0.31009951562058624,0.4666601932350172,0.13592346074646305,0.31009951562058624,0.4666601932350172,0.13592346074646305,0.8632517610738996,0.7622498146278953,103.79181184063309,112.5222665101359,103.79181184063309,112.5222665101359,91.48082580764337,116.20274761246108,89.92783274784829,106.06252541756888,0.13036392446831505,5.0,-0.03594007880972916,906.0,926.0,910.9125000000001,0.9946070561113168,1.0165630617649883,0.0,0.35714285714285715,-17.669123415403917,337,259,63.263238736537744
357,Binghamton,AE,8-23,98.17239543630939,341,123.08256909263439,360,0.0691063084170116,357,8.0,23.0,4.0,12.0,4-12,0.22803834504929799,0.26533641600426894,0.1930714035290126,0.22803834504929799,0.26533641600426894,0.1930714035290126,0.940755237565052,0.912298435311984,101.48799049004312,113.48698532157292,101.48799049004312,113.48698532157292,98.75213251556305,121.49034598866305,0.0,0.0,0.0,0.0,-0.08204011289641233,1075.0,1171.0,1044.7250000000001,1.028978917897054,1.1208691282394887,0.0,0.25,-20.489862026032984,358,346,65.51913730251225
358,Rider,MAAC,4-25,96.13051066031821,349,120.53605911028762,349,0.06902361007828624,358,4.0,25.0,3.0,17.0,3-17,0.3869522390334765,0.5442356003736638,0.31617472643039213,0.3869522390334765,0.5442356003736638,0.31617472643039213,0.852624290599184,0.6608254829654516,105.85128806213119,109.66690891003516,105.85128806213119,109.66690891003516,98.09916986834112,121.9272741366251,104.69123174740196,116.20006411977445,0.23157710779259744,4.0,-0.07101912240840963,1299.0,1508.0,1300.325,0.9989810239747755,1.1597100724818794,0.0,0.15,-19.73310500624607,353,337,65.66629617694382
359,VMI,SC,6-26,98.64261847505611,339,124.43366562514377,364,0.06470051150718943,359,6.0,26.0,1.0,17.0,1-17,0.32445680763466145,0.3346646241251992,0.3215804105238295,0.32445680763466145,0.3346646241251992,0.3215804105238295,0.9167457942898064,0.8812970670934496,107.58702097985861,113.85146045972974,107.58702097985861,113.85146045972974,97.45891603495002,124.25989667684956,98.7778615915235,109.33153304371848,0.2373287996144625,2.0,-0.046190491745982276,1218.0,1485.0,1202.3625000000002,1.013005645136138,1.2350684589713998,0.0,0.05555555555555555,-22.37487492878001,361,290,66.82024493827984
360,UMKC,Sum,4-27,93.06755953388473,358,117.48932639052782,326,0.06417883790333449,360,4.0,27.0,1.0,15.0,1-15,0.4174417326804779,0.4603481476578253,0.39201305196900443,0.4174417326804779,0.4603481476578253,0.39201305196900443,0.8659420765078278,0.8042517381747166,109.72650933060446,110.88042445282802,109.72650933060446,110.88042445282802,94.35126316463324,119.06069626426765,85.8181355177483,103.4473469720999,0.10446467873713451,3.0,-0.06463809727748446,1086.0,1367.0,1138.875,0.9535726045439579,1.2003073208209856,0.0,0.0625,-21.55423264656663,360,328,69.72330594347896
361,Gardner Webb,BSth,4-29,95.30004025398335,355,121.99381038863373,356,0.0552104022592149,361,5.0,28.0,1.0,15.0,1-15,0.4114578022083897,0.45792166801453493,0.3620922969768464,0.4114578022083897,0.45792166801453493,0.3620922969768464,0.8651310403938298,0.8018142011998871,108.00238397467571,109.40782818098484,108.00238397467571,109.40782818098484,96.48601286207106,123.18719192758383,90.69943217741792,118.95333800602185,0.04234763250094197,3.0,-0.05815681249394186,1081.0,1361.0,1122.0,0.9634581105169341,1.21301247771836,0.0,0.0625,-23.23723672988625,364,319,69.58967816098543
362,Delaware St.,MEAC,8-23,88.21923723625662,365,114.27017317092944,293,0.048544308268717015,362,9.0,22.0,2.0,12.0,2-12,0.250918700266995,0.37714233196228225,0.1392594035666495,0.250918700266995,0.37714233196228225,0.1392594035666495,0.9210699876814413,0.8602763455163115,102.30447239355959,113.77064711612874,102.30447239355959,113.77064711612874,87.87200313584239,117.25361696105904,70.86006422888073,115.96571260953542,0.0034540184959086415,1.0,-0.06787474889980921,852.0,986.0,918.7625,0.9273343219820138,1.0731826777866966,0.0,0.14285714285714285,-19.76467670141743,354,333,65.4824878383634
363,Coppin St.,MEAC,7-24,91.5739215637068,363,119.17915099851447,345,0.0460872907282448,363,7.0,24.0,5.0,9.0,5-9,0.34984209209534006,0.5229646521682181,0.1396218405782738,0.34984209209534006,0.5229646521682181,0.1396218405782738,0.8818783093656906,0.8040733937689402,104.06912990739517,111.82196384735495,104.06912990739517,111.82196384735495,91.83061965120785,117.8746650057805,89.08444787427517,121.70549378266439,0.026903608028083333,3.0,0.020646741107496758,936.0,1007.0,950.8624999999998,0.9843694540482985,1.0590385045156372,0.0,0.35714285714285715,-19.185405594832023,349,125,68.56077093786622
364,Mississippi Valley St.,SWAC,3-30,91.09646342491803,364,120.8024200014853,351,0.03748065033671027,364,3.0,30.0,2.0,16.0,2-16,0.35706600416044254,0.5344352489836813,0.2263557486163541,0.35706600416044254,0.5344352489836813,0.2263557486163541,0.8798084302390999,0.7656660781697865,105.34158864970874,110.96336044044797,105.34158864970874,110.96336044044797,91.17580779550792,120.0252965666656,103.02692551218172,126.32031983479189,0.08753978143478337,4.0,-0.041616182963320036,1164.0,1395.0,1239.975,0.9387286033992621,1.1250226819089095,0.0,0.1111111111111111,-24.85908913171444,365,276,67.1980953770183
365,Western Illinois,OVC,5-26,92.71640434146892,360,123.30054259599518,361,0.03631922035356283,365,5.0,26.0,1.0,19.0,1-19,0.2747832498860261,0.32917435718316884,0.24486814087259753,0.2747832498860261,0.32917435718316884,0.24486814087259753,0.9297349606279635,0.8771590694403364,102.87422987272377,111.19055961302753,102.87422987272377,111.19055961302753,91.80536721041396,123.14074985728186,103.15769515422248,106.27439944592075,0.4152498615827045,1.0,-0.038524123911999,1261.0,1562.0,1355.8874999999998,0.9300181615362633,1.1520129804279486,0.0,0.05,-23.069626627941112,362,266,66.47128823663449
